STORE_CODE,STORE_DISPLAY_NAME,TRANS_DATE,TRANS_TIME,TRANS_NO,TILL_NO,DISCOUNT_HEADER,TAX_HEADER,NET_SALES_HEADER_VALUES,quantity,TRANS_TYPE,ID_KEY,TENDER,DM_LOAD_DATE,DM_LOAD_DELTA_ID
ST003,Airport Store,2024-12-09,16:20:09,T000001,5,9.17,12.8,600.88,3,3,1,CASH,2024-12-21,9322
ST002,Mall Store,2024-12-04,09:20:09,T000002,2,36.1,14.39,10.77,5,1,2,CARD,2024-12-21,7396
ST004,Station Store,2024-12-14,21:20:09,T000003,3,30.59,6.39,299.22,3,3,3,NULL,2024-12-21,2528
ST003,Airport Store,2024-12-11,17:20:09,T000004,3,34.02,9.5,23.13,9,2,4,MOBILE,2024-12-21,8513
ST001,Downtown Store,2024-12-05,16:20:09,T000005,4,22.01,6.22,500.23,3,2,5,CARD,2024-12-21,2585
ST004,Station Store,2024-12-07,16:20:09,T000006,2,21.26,7.08,572.02,2,2,6,CARD,2024-12-21,5297
ST002,Mall Store,2024-12-02,18:20:09,T000007,4,2.26,8.25,394.79,2,3,7,MOBILE,2024-12-21,5859
ST004,Station Store,2024-12-07,08:20:09,T000008,5,7.05,13.02,83.81,7,1,8,MOBILE,2024-12-21,3027
ST004,Station Store,2024-12-11,04:20:09,T000009,3,9.94,12.11,792.27,5,2,9,CARD,2024-12-21,7184
ST004,Station Store,2024-11-27,03:20:09,T000010,1,31.16,8.31,72.92,7,2,10,CARD,2024-12-21,3731
ST004,Station Store,2024-12-14,07:20:09,T000011,1,19.15,14.72,850.42,5,2,11,CASH,2024-12-21,7938
ST001,Downtown Store,2024-11-30,03:20:09,T000012,2,1.27,6.08,41.11,7,1,12,CARD,2024-12-21,7019
ST002,Mall Store,2024-12-11,17:20:09,T000013,5,26.99,7.03,943.43,7,3,13,CARD,2024-12-21,6915
ST002,Mall Store,2024-12-19,22:20:09,T000014,5,14.78,6.05,461.97,4,2,14,MOBILE,2024-12-21,2663
ST002,Mall Store,2024-12-06,00:20:09,T000015,1,15.9,6.1,235.66,9,1,15,MOBILE,2024-12-21,8526
ST002,Mall Store,2024-12-10,12:20:09,T000016,3,20.87,7.22,128.67,8,3,16,CASH,2024-12-21,2495
ST001,Downtown Store,2024-12-20,08:20:09,T000017,1,3.24,7.54,254.41,7,2,17,MOBILE,2024-12-21,2636
ST001,Downtown Store,2024-11-24,21:20:09,T000018,3,30.48,10.03,60.96,5,1,18,CARD,2024-12-21,6249
ST001,Downtown Store,2024-12-20,00:20:09,T000019,2,49.28,7.42,675.41,8,3,19,CASH,2024-12-21,5389
ST004,Station Store,2024-12-16,22:20:09,T000020,3,40.82,12.98,159.21,6,1,20,MOBILE,2024-12-21,3811
ST003,Airport Store,2024-12-08,07:20:09,T000021,2,25.6,7.26,648.72,4,1,21,CARD,2024-12-21,6759
ST003,Airport Store,2024-12-05,14:20:09,T000022,1,33.78,12.35,216.98,3,3,22,CARD,2024-12-21,9815
ST001,Downtown Store,2024-12-15,08:20:09,T000023,1,12.09,5.93,898.24,5,3,23,CASH,2024-12-21,8400
ST003,Airport Store,2024-12-18,23:20:09,T000024,3,42.82,9.05,888.89,4,3,24,NULL,2024-12-21,6539
ST002,Mall Store,2024-11-25,20:20:09,T000025,4,29.03,8.72,940.73,9,1,25,CASH,2024-12-21,5973
ST002,Mall Store,2024-12-20,22:20:09,T000026,3,32.6,7.24,715.06,1,2,26,CARD,2024-12-21,4987
ST004,Station Store,2024-12-07,20:20:09,T000027,3,32.88,10.68,102.74,3,2,27,CASH,2024-12-21,7893
ST002,Mall Store,2024-11-23,02:20:09,T000028,5,24.34,14.06,440.05,5,2,28,CARD,2024-12-21,8022
ST004,Station Store,2024-12-11,13:20:09,T000029,5,11.51,9.99,576.28,1,1,29,NULL,2024-12-21,3205
ST001,Downtown Store,2024-11-23,10:20:09,T000030,5,44.17,12.48,953.54,1,2,30,NULL,2024-12-21,4170
ST004,Station Store,2024-11-26,08:20:09,T000031,5,19.25,13.51,323.75,2,1,31,CARD,2024-12-21,7709
ST002,Mall Store,2024-12-04,23:20:09,T000032,2,30.75,14.9,148.68,2,2,32,MOBILE,2024-12-21,9096
ST001,Downtown Store,2024-12-01,18:20:09,T000033,5,14.83,9.2,263.64,8,1,33,CASH,2024-12-21,3950
ST001,Downtown Store,2024-11-23,00:20:09,T000034,5,9.71,5.71,402.82,3,3,34,CASH,2024-12-21,6919
ST003,Airport Store,2024-11-23,15:20:09,T000035,1,7.75,14.82,840.54,6,1,35,CASH,2024-12-21,4854
ST002,Mall Store,2024-12-10,00:20:09,T000036,5,26.11,12.7,223.66,5,3,36,CASH,2024-12-21,1876
ST004,Station Store,2024-12-06,02:20:09,T000037,3,31.87,12.26,976.09,3,1,37,CARD,2024-12-21,6177
ST003,Airport Store,2024-12-05,22:20:09,T000038,5,9.22,5.81,434.03,5,1,38,CASH,2024-12-21,1512
ST003,Airport Store,2024-11-25,12:20:09,T000039,1,33.01,7.8,955.32,7,3,39,CARD,2024-12-21,8004
ST003,Airport Store,2024-11-24,16:20:09,T000040,2,17.8,12.58,24.25,5,3,40,CASH,2024-12-21,7617
ST004,Station Store,2024-12-05,17:20:09,T000041,4,8.66,9.34,404.52,6,1,41,MOBILE,2024-12-21,8390
ST002,Mall Store,2024-12-18,23:20:09,T000042,2,25.05,10.39,687.12,8,3,42,NULL,2024-12-21,7303
ST003,Airport Store,2024-12-19,04:20:09,T000043,4,19.41,11.43,463.67,3,3,43,NULL,2024-12-21,9002
ST001,Downtown Store,2024-12-08,21:20:09,T000044,2,10.33,7.74,222.44,2,1,44,CASH,2024-12-21,3082
ST003,Airport Store,2024-11-25,06:20:09,T000045,5,42.24,5.23,816.32,9,3,45,CASH,2024-12-21,8668
ST002,Mall Store,2024-12-12,01:20:09,T000046,3,43.87,12.35,805.45,9,2,46,CARD,2024-12-21,3967
ST004,Station Store,2024-12-20,05:20:09,T000047,3,20.63,8.72,778.65,8,3,47,NULL,2024-12-21,4440
ST003,Airport Store,2024-12-13,09:20:09,T000048,1,11.91,8.78,538.98,4,1,48,CARD,2024-12-21,1698
ST003,Airport Store,2024-11-28,21:20:09,T000049,4,0.54,14.05,100.37,7,2,49,CARD,2024-12-21,5946
ST002,Mall Store,2024-12-06,19:20:09,T000050,5,4.59,11.02,558.17,5,1,50,MOBILE,2024-12-21,2062
ST001,Downtown Store,2024-12-20,09:20:09,T000051,2,48.71,14.96,65.31,3,3,51,CARD,2024-12-21,9010
ST002,Mall Store,2024-12-16,00:20:09,T000052,1,38.08,11.18,110.11,7,2,52,MOBILE,2024-12-21,7313
ST001,Downtown Store,2024-12-17,22:20:09,T000053,2,4.07,5.85,986.77,1,2,53,MOBILE,2024-12-21,9702
ST003,Airport Store,2024-11-30,13:20:09,T000054,5,37.67,8.76,92.67,6,3,54,CARD,2024-12-21,6977
ST003,Airport Store,2024-11-23,03:20:09,T000055,3,12.68,9.05,575.76,4,1,55,MOBILE,2024-12-21,4072
ST003,Airport Store,2024-12-06,00:20:09,T000056,1,18.74,7.86,869.91,6,1,56,NULL,2024-12-21,4627
ST001,Downtown Store,2024-12-19,12:20:09,T000057,5,2.16,13.91,532.42,5,3,57,CARD,2024-12-21,7190
ST001,Downtown Store,2024-12-04,05:20:09,T000058,1,31.38,10.84,902.15,9,3,58,CASH,2024-12-21,6063
ST002,Mall Store,2024-12-08,12:20:09,T000059,4,16.78,6.7,650.38,8,2,59,CASH,2024-12-21,1539
ST004,Station Store,2024-11-23,05:20:09,T000060,4,49.31,11.98,540.74,1,1,60,MOBILE,2024-12-21,3779
ST004,Station Store,2024-12-14,18:20:09,T000061,3,41.13,14.5,728.46,9,2,61,CASH,2024-12-21,9989
ST002,Mall Store,2024-12-01,23:20:09,T000062,5,8.24,9.11,779.83,2,3,62,CASH,2024-12-21,8449
ST003,Airport Store,2024-11-30,13:20:09,T000063,3,42.11,13.38,474.01,3,3,63,CASH,2024-12-21,9175
ST003,Airport Store,2024-12-13,02:20:09,T000064,4,40.65,15.0,996.67,5,3,64,MOBILE,2024-12-21,5809
ST002,Mall Store,2024-11-24,23:20:09,T000065,1,12.05,7.05,258.93,4,2,65,MOBILE,2024-12-21,4419
ST003,Airport Store,2024-11-24,12:20:09,T000066,2,24.91,9.76,833.06,2,1,66,CARD,2024-12-21,9580
ST002,Mall Store,2024-12-08,05:20:09,T000067,5,31.02,12.04,220.83,6,2,67,CARD,2024-12-21,7241
ST002,Mall Store,2024-12-05,11:20:09,T000068,3,4.55,12.26,551.97,1,3,68,CARD,2024-12-21,5854
ST002,Mall Store,2024-12-14,23:20:09,T000069,1,47.48,6.47,927.32,1,1,69,NULL,2024-12-21,6569
ST001,Downtown Store,2024-11-26,18:20:09,T000070,3,28.98,8.42,541.89,7,3,70,CARD,2024-12-21,7090
ST002,Mall Store,2024-12-13,04:20:09,T000071,4,9.09,8.46,897.82,3,3,71,CARD,2024-12-21,7777
ST003,Airport Store,2024-12-08,07:20:09,T000072,5,8.45,7.79,185.24,5,2,72,CASH,2024-12-21,7376
ST004,Station Store,2024-12-05,22:20:09,T000073,2,6.44,8.3,328.37,9,3,73,CARD,2024-12-21,7493
ST003,Airport Store,2024-11-23,12:20:09,T000074,5,0.13,13.68,93.67,3,1,74,NULL,2024-12-21,1302
ST003,Airport Store,2024-11-23,20:20:09,T000075,2,38.0,10.31,723.31,8,3,75,MOBILE,2024-12-21,2646
ST003,Airport Store,2024-12-06,15:20:09,T000076,4,5.36,9.47,537.29,9,3,76,CARD,2024-12-21,9905
ST003,Airport Store,2024-12-02,21:20:09,T000077,2,26.77,7.33,349.5,9,2,77,MOBILE,2024-12-21,7371
ST003,Airport Store,2024-12-11,02:20:09,T000078,2,27.89,10.87,568.81,9,1,78,CARD,2024-12-21,6401
ST004,Station Store,2024-12-09,23:20:09,T000079,3,49.33,11.06,244.85,6,1,79,CASH,2024-12-21,6622
ST004,Station Store,2024-12-13,00:20:09,T000080,3,4.39,13.06,65.1,9,3,80,CASH,2024-12-21,3590
ST004,Station Store,2024-12-01,01:20:09,T000081,4,49.86,13.97,580.24,4,3,81,MOBILE,2024-12-21,3551
ST002,Mall Store,2024-12-15,10:20:09,T000082,1,35.92,10.35,481.85,5,2,82,NULL,2024-12-21,9915
ST001,Downtown Store,2024-12-13,16:20:09,T000083,1,26.49,12.07,770.1,6,1,83,CARD,2024-12-21,7988
ST003,Airport Store,2024-12-02,07:20:09,T000084,1,18.46,9.54,553.12,2,1,84,CARD,2024-12-21,2619
ST001,Downtown Store,2024-12-04,19:20:09,T000085,5,0.14,6.17,478.43,6,3,85,MOBILE,2024-12-21,8984
ST001,Downtown Store,2024-12-04,18:20:09,T000086,4,48.25,6.24,733.56,9,2,86,CASH,2024-12-21,3560
ST004,Station Store,2024-12-04,20:20:09,T000087,4,42.09,6.4,797.31,3,1,87,CASH,2024-12-21,3898
ST003,Airport Store,2024-11-24,18:20:09,T000088,2,45.39,8.16,592.42,2,3,88,MOBILE,2024-12-21,7943
ST003,Airport Store,2024-12-18,01:20:09,T000089,1,37.38,10.03,239.89,1,3,89,CARD,2024-12-21,2997
ST001,Downtown Store,2024-12-17,04:20:09,T000090,3,27.14,9.32,339.49,3,2,90,CASH,2024-12-21,6742
ST001,Downtown Store,2024-12-03,13:20:09,T000091,4,37.07,10.73,997.72,9,1,91,MOBILE,2024-12-21,1950
ST001,Downtown Store,2024-12-02,02:20:09,T000092,4,28.49,12.62,878.0,1,2,92,MOBILE,2024-12-21,8326
ST003,Airport Store,2024-12-01,00:20:09,T000093,5,6.37,8.97,799.32,5,1,93,CASH,2024-12-21,3891
ST001,Downtown Store,2024-11-26,22:20:09,T000094,3,32.06,11.94,547.3,5,3,94,NULL,2024-12-21,7166
ST003,Airport Store,2024-12-05,22:20:09,T000095,3,7.67,10.86,510.83,9,1,95,CASH,2024-12-21,1827
ST003,Airport Store,2024-12-10,16:20:09,T000096,4,28.26,11.97,923.27,8,3,96,CASH,2024-12-21,9795
ST003,Airport Store,2024-12-07,06:20:09,T000097,1,21.21,12.36,935.02,6,3,97,CARD,2024-12-21,6732
ST001,Downtown Store,2024-12-05,22:20:09,T000098,4,6.23,14.21,871.2,7,3,98,CARD,2024-12-21,3708
ST003,Airport Store,2024-12-04,09:20:09,T000099,1,10.28,12.88,607.68,3,3,99,CARD,2024-12-21,2625
ST003,Airport Store,2024-12-07,14:20:09,T000100,2,24.04,14.18,591.2,3,2,100,CASH,2024-12-21,2990
ST004,Station Store,2024-12-21,02:20:09,T000101,5,45.74,8.62,584.78,6,2,101,CASH,2024-12-21,6588
ST001,Downtown Store,2024-11-25,00:20:09,T000102,1,7.43,9.15,94.5,8,1,102,CASH,2024-12-21,2759
ST001,Downtown Store,2024-11-30,11:20:09,T000103,3,10.5,13.98,213.09,1,1,103,CARD,2024-12-21,8311
ST004,Station Store,2024-11-22,07:20:09,T000104,2,14.7,12.14,532.37,6,1,104,CARD,2024-12-21,6797
ST003,Airport Store,2024-12-18,08:20:09,T000105,1,16.72,5.76,755.71,3,2,105,CARD,2024-12-21,1054
ST004,Station Store,2024-11-28,22:20:09,T000106,5,20.4,10.52,261.35,7,3,106,CARD,2024-12-21,9519
ST002,Mall Store,2024-12-01,11:20:09,T000107,5,8.93,11.53,245.8,2,3,107,CASH,2024-12-21,3538
ST004,Station Store,2024-12-10,08:20:09,T000108,4,33.4,7.05,300.22,2,3,108,CARD,2024-12-21,3198
ST001,Downtown Store,2024-11-27,15:20:09,T000109,5,43.82,11.43,706.91,1,3,109,CARD,2024-12-21,4594
ST002,Mall Store,2024-12-07,14:20:09,T000110,3,29.51,7.68,627.91,6,2,110,CARD,2024-12-21,8083
ST003,Airport Store,2024-12-12,08:20:09,T000111,2,38.18,6.4,869.78,8,3,111,MOBILE,2024-12-21,5223
ST004,Station Store,2024-12-21,13:20:09,T000112,2,1.12,7.69,546.22,9,3,112,CASH,2024-12-21,2301
ST003,Airport Store,2024-12-12,02:20:09,T000113,4,6.61,14.01,694.31,5,3,113,MOBILE,2024-12-21,6475
ST001,Downtown Store,2024-11-22,22:20:09,T000114,1,20.26,9.97,723.0,5,2,114,CASH,2024-12-21,3074
ST001,Downtown Store,2024-12-03,11:20:09,T000115,3,29.87,11.01,668.39,7,2,115,NULL,2024-12-21,3969
ST001,Downtown Store,2024-12-11,08:20:09,T000116,2,21.1,8.54,959.04,1,3,116,CASH,2024-12-21,6490
ST002,Mall Store,2024-11-22,17:20:09,T000117,5,41.85,9.37,916.36,7,3,117,NULL,2024-12-21,5150
ST003,Airport Store,2024-12-19,04:20:09,T000118,5,24.19,7.7,544.44,3,3,118,MOBILE,2024-12-21,8101
ST003,Airport Store,2024-12-06,17:20:09,T000119,3,16.71,12.71,115.53,9,1,119,CARD,2024-12-21,1060
ST003,Airport Store,2024-12-17,04:20:09,T000120,2,22.98,5.76,86.99,3,2,120,CASH,2024-12-21,7667
ST003,Airport Store,2024-12-17,01:20:09,T000121,4,40.37,14.62,792.11,9,3,121,CARD,2024-12-21,5107
ST002,Mall Store,2024-12-16,04:20:09,T000122,3,36.61,13.07,662.2,6,2,122,NULL,2024-12-21,7609
ST001,Downtown Store,2024-12-02,16:20:09,T000123,3,49.38,14.44,49.03,7,1,123,CASH,2024-12-21,8124
ST002,Mall Store,2024-12-01,22:20:09,T000124,5,36.55,6.93,124.13,7,1,124,CARD,2024-12-21,6085
ST004,Station Store,2024-12-08,06:20:09,T000125,3,41.45,5.37,600.31,3,1,125,CASH,2024-12-21,3983
ST002,Mall Store,2024-11-29,03:20:09,T000126,4,28.62,13.04,543.02,6,1,126,MOBILE,2024-12-21,9684
ST002,Mall Store,2024-11-26,00:20:09,T000127,2,1.22,13.7,31.06,7,1,127,CARD,2024-12-21,4810
ST003,Airport Store,2024-11-23,03:20:09,T000128,4,2.63,5.89,47.22,9,3,128,CARD,2024-12-21,8069
ST001,Downtown Store,2024-12-06,11:20:09,T000129,4,36.88,7.39,119.37,8,2,129,MOBILE,2024-12-21,1145
ST002,Mall Store,2024-12-03,17:20:09,T000130,1,13.86,14.1,54.65,1,1,130,CARD,2024-12-21,2828
ST001,Downtown Store,2024-12-07,08:20:09,T000131,3,45.19,14.89,745.92,4,3,131,CARD,2024-12-21,6429
ST001,Downtown Store,2024-12-01,15:20:09,T000132,5,6.02,5.47,390.25,9,1,132,NULL,2024-12-21,4845
ST001,Downtown Store,2024-11-23,18:20:09,T000133,1,25.91,10.97,529.78,3,2,133,CARD,2024-12-21,8312
ST004,Station Store,2024-11-21,15:20:09,T000134,3,11.22,7.24,541.6,9,2,134,MOBILE,2024-12-21,2290
ST001,Downtown Store,2024-12-04,23:20:09,T000135,3,6.48,13.89,956.09,9,3,135,CARD,2024-12-21,1954
ST002,Mall Store,2024-11-26,16:20:09,T000136,3,36.17,9.96,90.24,5,1,136,MOBILE,2024-12-21,1317
ST001,Downtown Store,2024-11-26,07:20:09,T000137,2,28.57,11.62,548.34,1,2,137,CARD,2024-12-21,3383
ST004,Station Store,2024-11-25,08:20:09,T000138,1,7.87,6.6,340.67,9,1,138,CARD,2024-12-21,5286
ST003,Airport Store,2024-12-09,02:20:09,T000139,4,7.93,13.81,873.13,3,3,139,MOBILE,2024-12-21,8561
ST004,Station Store,2024-12-06,15:20:09,T000140,5,37.18,6.61,819.79,7,2,140,CASH,2024-12-21,2136
ST001,Downtown Store,2024-11-22,05:20:09,T000141,2,31.7,10.4,782.05,6,3,141,MOBILE,2024-12-21,6352
ST004,Station Store,2024-12-08,16:20:09,T000142,4,8.97,12.54,790.92,4,2,142,NULL,2024-12-21,2040
ST004,Station Store,2024-12-08,05:20:09,T000143,2,23.68,5.58,83.95,2,2,143,NULL,2024-12-21,1686
ST001,Downtown Store,2024-12-21,08:20:09,T000144,4,32.38,10.94,389.78,1,2,144,CARD,2024-12-21,4356
ST004,Station Store,2024-11-25,15:20:09,T000145,5,42.71,10.27,827.66,4,2,145,MOBILE,2024-12-21,4155
ST002,Mall Store,2024-12-10,15:20:09,T000146,3,43.4,14.63,40.99,5,3,146,CARD,2024-12-21,5179
ST002,Mall Store,2024-12-18,23:20:09,T000147,1,22.11,8.12,327.54,6,3,147,MOBILE,2024-12-21,4056
ST001,Downtown Store,2024-12-13,08:20:09,T000148,2,43.22,9.73,968.51,9,1,148,CASH,2024-12-21,9711
ST003,Airport Store,2024-11-22,15:20:09,T000149,2,38.05,11.26,139.93,5,2,149,CARD,2024-12-21,8725
ST003,Airport Store,2024-11-27,21:20:09,T000150,1,30.37,7.48,562.83,9,3,150,CARD,2024-12-21,7644
ST001,Downtown Store,2024-12-07,14:20:09,T000151,3,49.22,6.5,469.95,2,2,151,NULL,2024-12-21,9357
ST004,Station Store,2024-11-21,23:20:09,T000152,5,37.85,14.53,908.74,6,3,152,CASH,2024-12-21,7731
ST001,Downtown Store,2024-11-23,10:20:09,T000153,4,35.12,10.6,19.67,1,2,153,CARD,2024-12-21,2949
ST001,Downtown Store,2024-12-16,01:20:09,T000154,4,17.89,8.22,977.69,2,3,154,CASH,2024-12-21,9619
ST001,Downtown Store,2024-12-04,17:20:09,T000155,3,44.81,10.95,620.44,9,2,155,NULL,2024-12-21,4911
ST002,Mall Store,2024-12-04,18:20:09,T000156,4,16.97,13.15,89.31,4,2,156,MOBILE,2024-12-21,9601
ST003,Airport Store,2024-12-12,23:20:09,T000157,1,8.2,9.39,727.58,7,1,157,CARD,2024-12-21,2266
ST002,Mall Store,2024-11-27,15:20:09,T000158,4,37.21,13.72,439.32,3,2,158,CASH,2024-12-21,1661
ST001,Downtown Store,2024-12-06,04:20:09,T000159,1,24.66,5.82,409.23,6,3,159,CASH,2024-12-21,8005
ST001,Downtown Store,2024-11-28,03:20:09,T000160,2,37.14,9.25,352.48,4,2,160,MOBILE,2024-12-21,5703
ST001,Downtown Store,2024-12-09,00:20:09,T000161,2,36.26,9.87,874.69,2,2,161,CARD,2024-12-21,2394
ST002,Mall Store,2024-12-01,18:20:09,T000162,5,10.53,11.23,635.24,1,3,162,MOBILE,2024-12-21,7895
ST002,Mall Store,2024-12-16,11:20:09,T000163,2,11.88,14.71,189.17,5,2,163,CARD,2024-12-21,3365
ST002,Mall Store,2024-12-07,09:20:09,T000164,1,33.13,5.95,655.6,9,1,164,CARD,2024-12-21,5356
ST003,Airport Store,2024-12-10,05:20:09,T000165,4,6.54,14.7,459.25,3,2,165,CASH,2024-12-21,6724
ST002,Mall Store,2024-12-06,13:20:09,T000166,1,22.47,10.88,949.1,9,2,166,CASH,2024-12-21,4192
ST003,Airport Store,2024-12-20,03:20:09,T000167,5,26.68,12.82,708.33,8,3,167,MOBILE,2024-12-21,1619
ST003,Airport Store,2024-12-05,10:20:09,T000168,2,6.15,7.31,61.18,1,3,168,CASH,2024-12-21,6178
ST001,Downtown Store,2024-11-28,05:20:09,T000169,1,29.23,11.88,403.41,2,3,169,CASH,2024-12-21,8473
ST001,Downtown Store,2024-11-29,05:20:09,T000170,3,24.44,11.67,148.25,4,2,170,CASH,2024-12-21,5470
ST004,Station Store,2024-12-05,17:20:09,T000171,1,36.54,6.56,242.22,6,3,171,CARD,2024-12-21,6238
ST002,Mall Store,2024-12-09,07:20:09,T000172,2,0.88,7.44,832.57,8,1,172,CASH,2024-12-21,5440
ST002,Mall Store,2024-11-21,13:20:09,T000173,3,47.04,13.27,670.3,9,2,173,CARD,2024-12-21,5033
ST002,Mall Store,2024-12-20,20:20:09,T000174,1,43.32,14.93,754.9,5,1,174,CASH,2024-12-21,8114
ST004,Station Store,2024-12-16,22:20:09,T000175,5,38.26,14.26,443.79,2,2,175,MOBILE,2024-12-21,2388
ST003,Airport Store,2024-12-18,05:20:09,T000176,1,16.42,11.3,613.73,5,3,176,CARD,2024-12-21,6592
ST001,Downtown Store,2024-12-04,05:20:09,T000177,1,22.22,5.15,591.19,8,2,177,CARD,2024-12-21,3989
ST001,Downtown Store,2024-11-21,15:20:09,T000178,5,43.17,10.19,484.39,5,1,178,CARD,2024-12-21,1011
ST001,Downtown Store,2024-12-04,04:20:09,T000179,5,12.3,9.77,400.42,7,2,179,MOBILE,2024-12-21,7570
ST001,Downtown Store,2024-11-22,09:20:09,T000180,3,0.38,11.47,899.05,9,3,180,CARD,2024-12-21,1140
ST002,Mall Store,2024-12-05,10:20:09,T000181,5,30.87,10.23,673.4,3,2,181,CARD,2024-12-21,7787
ST002,Mall Store,2024-12-05,21:20:09,T000182,3,6.16,13.59,801.78,7,3,182,CASH,2024-12-21,9105
ST001,Downtown Store,2024-12-03,22:20:09,T000183,4,21.23,5.87,817.59,8,1,183,CARD,2024-12-21,7284
ST003,Airport Store,2024-11-26,10:20:09,T000184,5,44.21,7.28,219.92,8,2,184,CARD,2024-12-21,7295
ST004,Station Store,2024-11-23,13:20:09,T000185,2,12.78,8.02,734.64,4,3,185,CARD,2024-12-21,1145
ST003,Airport Store,2024-12-19,16:20:09,T000186,2,22.59,10.87,176.33,3,2,186,CARD,2024-12-21,9853
ST004,Station Store,2024-12-18,19:20:09,T000187,3,30.35,10.47,239.63,9,2,187,CASH,2024-12-21,2343
ST003,Airport Store,2024-12-02,11:20:09,T000188,5,33.79,9.43,451.33,9,1,188,CASH,2024-12-21,3349
ST003,Airport Store,2024-12-15,16:20:09,T000189,2,16.86,14.06,774.9,4,1,189,MOBILE,2024-12-21,1072
ST004,Station Store,2024-12-06,05:20:09,T000190,3,17.18,11.17,447.99,2,1,190,CASH,2024-12-21,5255
ST001,Downtown Store,2024-12-01,02:20:09,T000191,2,34.01,7.31,462.29,6,2,191,CASH,2024-12-21,6291
ST002,Mall Store,2024-12-17,02:20:09,T000192,1,49.77,9.46,340.23,6,2,192,NULL,2024-12-21,4374
ST001,Downtown Store,2024-12-04,11:20:09,T000193,2,4.83,9.5,758.6,1,3,193,NULL,2024-12-21,1236
ST003,Airport Store,2024-12-06,00:20:09,T000194,3,7.62,14.92,927.73,1,1,194,CARD,2024-12-21,5037
ST002,Mall Store,2024-12-10,12:20:09,T000195,1,30.42,10.07,167.71,4,1,195,CASH,2024-12-21,3408
ST001,Downtown Store,2024-12-10,05:20:09,T000196,3,41.26,7.8,942.96,2,3,196,CASH,2024-12-21,9597
ST003,Airport Store,2024-11-27,11:20:09,T000197,4,42.57,7.09,931.29,6,2,197,CARD,2024-12-21,8629
ST002,Mall Store,2024-11-24,07:20:09,T000198,4,40.94,8.23,32.66,2,3,198,CARD,2024-12-21,6907
ST002,Mall Store,2024-12-02,14:20:09,T000199,1,28.76,9.79,320.59,1,2,199,MOBILE,2024-12-21,9429
ST001,Downtown Store,2024-12-09,16:20:09,T000200,3,47.64,13.25,669.64,2,1,200,CASH,2024-12-21,1536
ST003,Airport Store,2024-12-15,16:20:09,T000201,5,27.48,14.66,438.17,4,2,201,CASH,2024-12-21,3494
ST002,Mall Store,2024-12-19,12:20:09,T000202,5,0.88,11.03,371.15,3,1,202,MOBILE,2024-12-21,7488
ST002,Mall Store,2024-12-07,10:20:09,T000203,3,37.71,11.19,304.38,7,3,203,CASH,2024-12-21,6448
ST004,Station Store,2024-11-29,10:20:09,T000204,3,8.89,11.92,621.87,4,3,204,CASH,2024-12-21,2382
ST004,Station Store,2024-11-30,17:20:09,T000205,4,32.79,13.48,727.07,5,3,205,CARD,2024-12-21,3044
ST003,Airport Store,2024-12-13,03:20:09,T000206,3,20.71,13.28,736.28,6,1,206,CASH,2024-12-21,5481
ST002,Mall Store,2024-12-08,09:20:09,T000207,5,38.01,6.37,539.96,1,1,207,CASH,2024-12-21,9433
ST001,Downtown Store,2024-11-30,09:20:09,T000208,5,40.08,14.6,492.98,3,1,208,CARD,2024-12-21,5798
ST001,Downtown Store,2024-12-04,08:20:09,T000209,5,24.41,6.5,331.43,2,3,209,CARD,2024-12-21,4493
ST002,Mall Store,2024-11-22,09:20:09,T000210,2,44.6,14.55,789.03,9,1,210,CARD,2024-12-21,1571
ST004,Station Store,2024-11-22,17:20:09,T000211,1,42.04,5.38,902.74,5,3,211,CARD,2024-12-21,1775
ST003,Airport Store,2024-11-29,20:20:09,T000212,1,30.7,5.67,523.22,3,1,212,MOBILE,2024-12-21,7230
ST001,Downtown Store,2024-11-21,20:20:09,T000213,5,1.9,12.46,662.45,3,3,213,CASH,2024-12-21,2668
ST004,Station Store,2024-12-03,01:20:09,T000214,2,23.1,14.92,971.04,3,3,214,MOBILE,2024-12-21,9754
ST003,Airport Store,2024-12-09,22:20:09,T000215,5,27.48,13.31,78.03,6,3,215,CASH,2024-12-21,8504
ST003,Airport Store,2024-12-18,12:20:09,T000216,1,48.8,11.67,20.32,4,2,216,CASH,2024-12-21,9569
ST003,Airport Store,2024-11-29,10:20:09,T000217,2,16.11,6.25,479.59,2,2,217,CARD,2024-12-21,7303
ST003,Airport Store,2024-12-03,12:20:09,T000218,4,7.83,5.44,119.7,2,3,218,CASH,2024-12-21,5583
ST003,Airport Store,2024-11-26,16:20:09,T000219,2,30.65,14.43,248.29,5,3,219,MOBILE,2024-12-21,8031
ST001,Downtown Store,2024-11-26,14:20:09,T000220,1,12.92,10.44,639.71,5,2,220,MOBILE,2024-12-21,8527
ST002,Mall Store,2024-12-18,11:20:09,T000221,4,2.69,8.2,755.66,9,2,221,CARD,2024-12-21,4537
ST002,Mall Store,2024-12-14,01:20:09,T000222,5,36.3,13.18,221.38,3,3,222,MOBILE,2024-12-21,9652
ST002,Mall Store,2024-12-19,23:20:09,T000223,5,29.52,10.08,304.57,3,3,223,CARD,2024-12-21,6926
ST004,Station Store,2024-12-06,19:20:09,T000224,1,38.06,6.6,466.94,8,1,224,MOBILE,2024-12-21,1514
ST001,Downtown Store,2024-11-25,20:20:09,T000225,3,20.07,13.0,212.0,5,2,225,CARD,2024-12-21,3159
ST001,Downtown Store,2024-12-07,21:20:09,T000226,4,26.21,13.48,841.56,1,2,226,CASH,2024-12-21,4489
ST001,Downtown Store,2024-12-07,05:20:09,T000227,4,16.35,6.49,312.55,8,3,227,NULL,2024-12-21,3179
ST003,Airport Store,2024-12-07,09:20:09,T000228,4,36.1,13.86,597.11,5,2,228,CARD,2024-12-21,3023
ST003,Airport Store,2024-12-08,09:20:09,T000229,2,30.98,8.55,796.26,4,1,229,CARD,2024-12-21,3563
ST001,Downtown Store,2024-12-13,10:20:09,T000230,3,3.24,10.8,565.87,4,2,230,CARD,2024-12-21,1593
ST003,Airport Store,2024-11-28,03:20:09,T000231,4,41.25,9.98,86.29,6,1,231,MOBILE,2024-12-21,6433
ST002,Mall Store,2024-11-26,09:20:09,T000232,4,25.86,9.4,155.98,7,1,232,CARD,2024-12-21,2169
ST003,Airport Store,2024-12-17,16:20:09,T000233,1,29.91,12.36,998.36,6,1,233,CASH,2024-12-21,2283
ST004,Station Store,2024-11-23,11:20:09,T000234,3,34.3,14.91,749.75,7,1,234,NULL,2024-12-21,6624
ST004,Station Store,2024-12-15,09:20:09,T000235,2,16.73,5.26,33.95,6,1,235,CARD,2024-12-21,9186
ST001,Downtown Store,2024-12-14,23:20:09,T000236,5,2.81,13.53,233.29,5,1,236,CARD,2024-12-21,3096
ST001,Downtown Store,2024-11-24,14:20:09,T000237,5,35.3,11.31,59.34,7,2,237,NULL,2024-12-21,3839
ST001,Downtown Store,2024-12-17,00:20:09,T000238,1,7.95,11.1,144.0,4,1,238,NULL,2024-12-21,2431
ST004,Station Store,2024-12-17,06:20:09,T000239,4,13.79,7.76,789.26,6,3,239,CARD,2024-12-21,1204
ST002,Mall Store,2024-12-14,16:20:09,T000240,1,24.38,5.34,72.03,9,1,240,CARD,2024-12-21,5000
ST003,Airport Store,2024-12-13,03:20:09,T000241,2,36.62,10.48,136.71,7,1,241,CASH,2024-12-21,3539
ST004,Station Store,2024-11-27,10:20:09,T000242,1,24.72,14.8,153.52,7,2,242,CASH,2024-12-21,2938
ST003,Airport Store,2024-12-07,12:20:09,T000243,4,17.48,6.14,159.73,4,3,243,CASH,2024-12-21,1597
ST003,Airport Store,2024-12-03,13:20:09,T000244,1,49.03,7.27,409.94,9,3,244,MOBILE,2024-12-21,5624
ST002,Mall Store,2024-12-12,02:20:09,T000245,2,24.23,6.66,946.24,9,2,245,CASH,2024-12-21,4750
ST002,Mall Store,2024-12-16,00:20:09,T000246,4,17.8,14.78,796.05,1,3,246,MOBILE,2024-12-21,6774
ST004,Station Store,2024-11-30,09:20:09,T000247,4,43.53,7.39,456.73,1,3,247,CARD,2024-12-21,6879
ST002,Mall Store,2024-11-23,08:20:09,T000248,1,19.54,12.98,378.21,7,1,248,CARD,2024-12-21,6546
ST003,Airport Store,2024-12-21,01:20:09,T000249,3,9.78,6.87,103.1,9,1,249,CARD,2024-12-21,7710
ST001,Downtown Store,2024-12-14,19:20:09,T000250,2,7.9,11.96,795.33,7,3,250,CARD,2024-12-21,1282
ST002,Mall Store,2024-11-23,04:20:09,T000251,1,29.91,5.33,370.06,5,2,251,CARD,2024-12-21,6906
ST004,Station Store,2024-12-18,13:20:09,T000252,4,36.99,8.2,988.53,7,1,252,CARD,2024-12-21,5364
ST002,Mall Store,2024-12-02,08:20:09,T000253,4,44.1,9.27,170.61,5,1,253,CASH,2024-12-21,4864
ST004,Station Store,2024-12-19,06:20:09,T000254,5,48.67,8.37,303.52,6,2,254,CASH,2024-12-21,8544
ST003,Airport Store,2024-12-10,06:20:09,T000255,4,22.96,8.58,499.27,3,2,255,CASH,2024-12-21,4348
ST004,Station Store,2024-11-30,14:20:09,T000256,1,11.99,6.42,354.46,2,2,256,CARD,2024-12-21,3326
ST004,Station Store,2024-12-19,02:20:09,T000257,1,42.07,9.71,979.31,3,1,257,CASH,2024-12-21,7049
ST002,Mall Store,2024-12-11,15:20:09,T000258,4,34.08,6.67,658.73,1,3,258,CASH,2024-12-21,7659
ST002,Mall Store,2024-11-27,11:20:09,T000259,5,1.66,8.04,656.63,4,1,259,MOBILE,2024-12-21,2787
ST001,Downtown Store,2024-11-30,03:20:09,T000260,2,32.54,13.74,10.19,2,2,260,CARD,2024-12-21,3659
ST001,Downtown Store,2024-12-20,18:20:09,T000261,3,20.64,13.02,484.28,1,1,261,CARD,2024-12-21,5249
ST002,Mall Store,2024-12-19,02:20:09,T000262,1,14.61,14.11,756.42,9,1,262,NULL,2024-12-21,8230
ST001,Downtown Store,2024-12-18,00:20:09,T000263,1,14.08,13.73,121.45,6,1,263,CARD,2024-12-21,1285
ST001,Downtown Store,2024-12-04,20:20:09,T000264,1,23.44,8.01,602.37,3,1,264,CASH,2024-12-21,1040
ST004,Station Store,2024-11-24,08:20:09,T000265,4,42.61,11.68,597.29,9,3,265,CARD,2024-12-21,8183
ST001,Downtown Store,2024-11-24,02:20:09,T000266,1,14.26,9.29,275.1,2,1,266,CARD,2024-12-21,2348
ST004,Station Store,2024-12-03,00:20:09,T000267,5,29.95,6.15,102.92,9,3,267,MOBILE,2024-12-21,1727
ST004,Station Store,2024-11-24,05:20:09,T000268,5,34.72,5.82,911.57,9,3,268,MOBILE,2024-12-21,7748
ST002,Mall Store,2024-12-01,04:20:09,T000269,5,31.57,10.92,705.61,4,3,269,CARD,2024-12-21,1771
ST002,Mall Store,2024-11-24,16:20:09,T000270,5,48.54,7.63,278.85,7,1,270,CARD,2024-12-21,5005
ST002,Mall Store,2024-11-30,10:20:09,T000271,1,0.15,5.4,608.03,8,3,271,CASH,2024-12-21,8616
ST001,Downtown Store,2024-11-25,09:20:09,T000272,5,24.1,6.96,614.67,4,1,272,CARD,2024-12-21,6093
ST001,Downtown Store,2024-12-04,02:20:09,T000273,1,10.95,5.37,116.95,7,1,273,CARD,2024-12-21,1703
ST002,Mall Store,2024-12-17,06:20:09,T000274,3,2.22,7.78,818.52,1,1,274,MOBILE,2024-12-21,3866
ST003,Airport Store,2024-11-29,03:20:09,T000275,1,1.48,11.75,54.41,1,3,275,CARD,2024-12-21,7132
ST001,Downtown Store,2024-12-02,16:20:09,T000276,5,15.47,13.24,955.51,5,1,276,CARD,2024-12-21,4741
ST001,Downtown Store,2024-12-09,11:20:09,T000277,1,30.19,11.87,123.34,1,3,277,CARD,2024-12-21,2774
ST004,Station Store,2024-11-25,00:20:09,T000278,1,3.55,5.8,361.22,7,2,278,CARD,2024-12-21,5200
ST002,Mall Store,2024-12-10,06:20:09,T000279,3,29.68,5.1,639.74,6,1,279,CARD,2024-12-21,1770
ST004,Station Store,2024-12-10,10:20:09,T000280,3,37.05,10.3,830.73,8,2,280,CASH,2024-12-21,3466
ST003,Airport Store,2024-12-04,11:20:09,T000281,5,19.97,14.1,809.94,9,3,281,MOBILE,2024-12-21,8461
ST004,Station Store,2024-12-03,01:20:09,T000282,3,21.5,11.73,282.63,5,2,282,MOBILE,2024-12-21,4259
ST004,Station Store,2024-12-10,07:20:09,T000283,3,42.88,14.17,436.68,8,3,283,CARD,2024-12-21,2141
ST004,Station Store,2024-12-07,08:20:09,T000284,1,26.29,10.12,173.97,7,1,284,MOBILE,2024-12-21,3606
ST004,Station Store,2024-12-19,09:20:09,T000285,2,32.29,11.37,347.2,1,1,285,CARD,2024-12-21,7468
ST004,Station Store,2024-12-20,04:20:09,T000286,4,29.01,10.6,114.21,1,1,286,NULL,2024-12-21,8069
ST004,Station Store,2024-12-05,20:20:09,T000287,3,26.6,6.36,108.31,6,3,287,CARD,2024-12-21,3309
ST003,Airport Store,2024-11-26,17:20:09,T000288,5,14.46,14.0,124.98,5,3,288,MOBILE,2024-12-21,1785
ST004,Station Store,2024-11-29,21:20:09,T000289,1,4.41,11.07,160.07,1,1,289,NULL,2024-12-21,4236
ST001,Downtown Store,2024-12-04,05:20:09,T000290,5,27.09,12.62,835.31,3,3,290,CARD,2024-12-21,2439
ST001,Downtown Store,2024-12-14,23:20:09,T000291,2,2.88,8.42,277.55,7,3,291,CASH,2024-12-21,7626
ST001,Downtown Store,2024-11-26,03:20:09,T000292,2,24.44,9.02,993.91,2,2,292,CARD,2024-12-21,7905
ST003,Airport Store,2024-11-28,09:20:09,T000293,5,7.4,13.53,713.78,6,3,293,CASH,2024-12-21,4162
ST001,Downtown Store,2024-12-02,15:20:09,T000294,5,22.92,5.38,748.4,7,1,294,MOBILE,2024-12-21,2960
ST002,Mall Store,2024-12-13,08:20:09,T000295,1,47.46,10.13,102.74,4,2,295,CARD,2024-12-21,8929
ST004,Station Store,2024-11-25,18:20:09,T000296,3,10.16,12.62,392.68,9,3,296,CARD,2024-12-21,7068
ST002,Mall Store,2024-11-24,22:20:09,T000297,4,41.38,12.65,577.79,3,3,297,CASH,2024-12-21,1115
ST001,Downtown Store,2024-12-05,13:20:09,T000298,1,14.92,7.4,318.78,3,3,298,CASH,2024-12-21,8661
ST001,Downtown Store,2024-12-03,11:20:09,T000299,2,23.84,11.88,725.48,6,2,299,CASH,2024-12-21,1276
ST004,Station Store,2024-11-30,00:20:09,T000300,2,16.67,12.33,533.29,3,3,300,CASH,2024-12-21,3841
ST001,Downtown Store,2024-12-11,20:20:09,T000301,3,36.89,13.34,743.07,5,1,301,MOBILE,2024-12-21,9068
ST004,Station Store,2024-11-26,20:20:09,T000302,1,38.31,13.46,617.47,8,3,302,CARD,2024-12-21,6037
ST002,Mall Store,2024-12-07,12:20:09,T000303,4,20.36,5.66,355.33,3,2,303,MOBILE,2024-12-21,6409
ST001,Downtown Store,2024-12-15,09:20:09,T000304,3,26.13,8.0,86.09,7,2,304,MOBILE,2024-12-21,8823
ST002,Mall Store,2024-11-29,08:20:09,T000305,2,3.65,9.03,302.34,2,3,305,CARD,2024-12-21,2238
ST002,Mall Store,2024-12-17,20:20:09,T000306,3,1.1,10.83,843.81,1,1,306,CASH,2024-12-21,3828
ST001,Downtown Store,2024-12-08,07:20:09,T000307,5,20.81,12.6,195.96,7,3,307,MOBILE,2024-12-21,8241
ST002,Mall Store,2024-12-11,16:20:09,T000308,4,31.85,10.26,468.54,4,1,308,MOBILE,2024-12-21,7846
ST004,Station Store,2024-11-30,01:20:09,T000309,3,38.77,7.71,501.73,2,2,309,MOBILE,2024-12-21,8016
ST004,Station Store,2024-12-14,21:20:09,T000310,1,0.01,10.11,56.38,6,2,310,MOBILE,2024-12-21,7056
ST002,Mall Store,2024-12-05,01:20:09,T000311,4,37.05,8.16,110.87,1,3,311,CASH,2024-12-21,6793
ST004,Station Store,2024-12-10,08:20:09,T000312,4,45.36,14.43,428.16,6,3,312,CASH,2024-12-21,9662
ST002,Mall Store,2024-12-17,20:20:09,T000313,2,6.96,7.54,876.76,5,1,313,CASH,2024-12-21,1522
ST001,Downtown Store,2024-12-10,08:20:09,T000314,1,14.9,6.05,784.01,5,2,314,CASH,2024-12-21,6621
ST004,Station Store,2024-12-14,00:20:09,T000315,1,23.8,6.11,638.08,3,1,315,CASH,2024-12-21,5072
ST001,Downtown Store,2024-11-30,06:20:09,T000316,5,41.11,13.5,219.87,9,2,316,CARD,2024-12-21,3005
ST001,Downtown Store,2024-11-25,16:20:09,T000317,5,37.7,5.36,400.79,8,3,317,CASH,2024-12-21,8170
ST004,Station Store,2024-12-05,02:20:09,T000318,4,2.61,11.82,473.47,1,1,318,CASH,2024-12-21,2548
ST001,Downtown Store,2024-11-23,13:20:09,T000319,2,27.19,6.0,691.16,5,2,319,CARD,2024-12-21,9016
ST004,Station Store,2024-12-08,02:20:09,T000320,2,1.57,12.36,336.94,6,1,320,CARD,2024-12-21,9931
ST002,Mall Store,2024-11-29,08:20:09,T000321,2,33.88,8.12,776.25,1,2,321,MOBILE,2024-12-21,6818
ST003,Airport Store,2024-12-19,14:20:09,T000322,5,13.28,5.18,300.38,1,3,322,CARD,2024-12-21,3803
ST001,Downtown Store,2024-12-18,02:20:09,T000323,4,0.07,8.0,649.99,7,3,323,CARD,2024-12-21,3207
ST003,Airport Store,2024-11-30,21:20:09,T000324,1,14.56,7.07,160.8,8,3,324,MOBILE,2024-12-21,3204
ST002,Mall Store,2024-11-30,22:20:09,T000325,4,23.67,5.6,674.93,4,2,325,NULL,2024-12-21,1630
ST001,Downtown Store,2024-12-16,20:20:09,T000326,4,27.22,14.63,84.85,9,1,326,CASH,2024-12-21,8659
ST003,Airport Store,2024-12-06,14:20:09,T000327,1,31.12,12.81,582.52,5,3,327,CASH,2024-12-21,2994
ST003,Airport Store,2024-11-23,13:20:09,T000328,4,16.87,12.25,543.42,9,2,328,CASH,2024-12-21,8763
ST004,Station Store,2024-12-06,13:20:09,T000329,3,2.23,9.16,308.9,2,3,329,CARD,2024-12-21,6241
ST001,Downtown Store,2024-12-14,18:20:09,T000330,5,31.05,14.29,763.25,3,2,330,MOBILE,2024-12-21,1492
ST003,Airport Store,2024-12-17,08:20:09,T000331,1,6.85,14.95,531.96,6,1,331,CASH,2024-12-21,3743
ST004,Station Store,2024-12-20,15:20:09,T000332,2,26.13,7.19,464.37,2,3,332,CASH,2024-12-21,1619
ST003,Airport Store,2024-12-15,07:20:09,T000333,5,47.19,14.6,526.25,2,2,333,MOBILE,2024-12-21,4212
ST002,Mall Store,2024-11-21,20:20:09,T000334,4,12.37,11.41,669.93,4,2,334,MOBILE,2024-12-21,9277
ST004,Station Store,2024-11-27,05:20:09,T000335,5,0.45,8.57,926.93,5,2,335,CARD,2024-12-21,3369
ST003,Airport Store,2024-12-10,12:20:09,T000336,3,12.69,7.46,408.74,4,1,336,CASH,2024-12-21,4318
ST003,Airport Store,2024-12-14,06:20:09,T000337,3,24.73,10.13,486.73,3,1,337,CASH,2024-12-21,8778
ST001,Downtown Store,2024-12-06,11:20:09,T000338,3,13.78,11.22,992.52,4,1,338,CARD,2024-12-21,4008
ST002,Mall Store,2024-11-23,22:20:09,T000339,2,45.91,6.02,510.9,9,1,339,CASH,2024-12-21,6520
ST002,Mall Store,2024-12-06,06:20:09,T000340,5,11.24,9.31,721.97,8,3,340,CARD,2024-12-21,2132
ST004,Station Store,2024-11-29,19:20:09,T000341,2,44.63,9.19,782.56,4,3,341,CARD,2024-12-21,4180
ST001,Downtown Store,2024-12-14,13:20:09,T000342,3,29.69,5.33,639.68,4,2,342,NULL,2024-12-21,3468
ST001,Downtown Store,2024-12-20,23:20:09,T000343,3,41.79,8.32,696.68,8,2,343,MOBILE,2024-12-21,1289
ST001,Downtown Store,2024-12-09,13:20:09,T000344,5,14.12,9.25,47.2,5,2,344,CARD,2024-12-21,4832
ST004,Station Store,2024-12-15,02:20:09,T000345,5,36.16,7.01,211.54,5,1,345,CARD,2024-12-21,9575
ST003,Airport Store,2024-12-05,18:20:09,T000346,4,48.34,7.24,666.42,9,1,346,MOBILE,2024-12-21,2849
ST002,Mall Store,2024-12-14,02:20:09,T000347,5,35.63,13.17,189.8,6,3,347,CASH,2024-12-21,6141
ST001,Downtown Store,2024-12-04,10:20:09,T000348,5,7.48,8.81,420.33,2,3,348,CARD,2024-12-21,4722
ST004,Station Store,2024-11-21,22:20:09,T000349,1,18.09,14.49,635.84,5,1,349,CASH,2024-12-21,6310
ST001,Downtown Store,2024-12-14,23:20:09,T000350,4,48.62,9.49,167.43,7,3,350,MOBILE,2024-12-21,1406
ST002,Mall Store,2024-11-28,11:20:09,T000351,5,43.08,7.74,809.0,9,1,351,CASH,2024-12-21,2363
ST004,Station Store,2024-12-01,17:20:09,T000352,3,5.94,12.65,674.34,7,1,352,CARD,2024-12-21,4171
ST004,Station Store,2024-11-26,20:20:09,T000353,4,19.22,5.25,840.61,8,2,353,MOBILE,2024-12-21,2293
ST002,Mall Store,2024-12-20,17:20:09,T000354,4,27.95,10.01,709.13,1,1,354,CARD,2024-12-21,3240
ST001,Downtown Store,2024-12-03,07:20:09,T000355,5,48.08,12.14,952.94,9,3,355,CARD,2024-12-21,4093
ST003,Airport Store,2024-12-04,13:20:09,T000356,5,3.54,8.13,935.94,2,3,356,NULL,2024-12-21,5595
ST004,Station Store,2024-11-26,16:20:09,T000357,1,27.44,7.88,313.71,1,2,357,CARD,2024-12-21,7043
ST002,Mall Store,2024-11-24,09:20:09,T000358,3,17.79,5.84,340.13,6,1,358,CASH,2024-12-21,3606
ST003,Airport Store,2024-12-10,08:20:09,T000359,1,32.09,11.71,635.96,7,3,359,MOBILE,2024-12-21,8644
ST004,Station Store,2024-12-08,08:20:09,T000360,5,16.26,14.41,915.58,8,2,360,CARD,2024-12-21,1201
ST001,Downtown Store,2024-12-04,22:20:09,T000361,2,5.67,9.04,740.51,4,1,361,CASH,2024-12-21,6808
ST004,Station Store,2024-12-15,19:20:09,T000362,3,30.27,10.17,742.76,2,2,362,CARD,2024-12-21,9345
ST003,Airport Store,2024-12-09,19:20:09,T000363,3,3.78,14.51,304.32,6,3,363,CARD,2024-12-21,3849
ST002,Mall Store,2024-11-27,02:20:09,T000364,3,33.8,12.07,613.91,9,3,364,CASH,2024-12-21,3555
ST002,Mall Store,2024-12-08,17:20:09,T000365,4,47.34,6.06,163.28,6,3,365,MOBILE,2024-12-21,2271
ST002,Mall Store,2024-12-16,22:20:09,T000366,1,2.52,11.27,391.76,7,1,366,CARD,2024-12-21,1082
ST001,Downtown Store,2024-12-18,14:20:09,T000367,4,36.29,11.17,742.01,6,2,367,CASH,2024-12-21,1369
ST003,Airport Store,2024-11-23,18:20:09,T000368,2,4.63,12.48,915.4,4,1,368,CARD,2024-12-21,9089
ST003,Airport Store,2024-12-01,20:20:09,T000369,4,30.66,11.38,249.6,4,1,369,CASH,2024-12-21,9560
ST001,Downtown Store,2024-11-27,19:20:09,T000370,4,0.69,7.48,222.26,5,3,370,CASH,2024-12-21,9252
ST002,Mall Store,2024-12-04,14:20:09,T000371,1,33.64,5.81,951.98,2,2,371,CARD,2024-12-21,6283
ST003,Airport Store,2024-12-04,19:20:09,T000372,5,39.34,8.97,518.47,7,3,372,CARD,2024-12-21,1690
ST002,Mall Store,2024-12-11,22:20:09,T000373,1,46.04,10.84,542.95,1,1,373,MOBILE,2024-12-21,5744
ST002,Mall Store,2024-12-15,04:20:09,T000374,3,22.72,11.3,255.9,6,2,374,CARD,2024-12-21,6738
ST001,Downtown Store,2024-12-05,11:20:09,T000375,4,20.97,10.0,787.25,9,1,375,CARD,2024-12-21,9326
ST001,Downtown Store,2024-11-25,04:20:09,T000376,4,10.5,7.81,715.83,6,2,376,CARD,2024-12-21,2637
ST002,Mall Store,2024-12-05,17:20:09,T000377,5,3.52,6.86,667.58,7,3,377,MOBILE,2024-12-21,1802
ST004,Station Store,2024-11-24,09:20:09,T000378,1,15.49,7.5,519.86,7,1,378,CARD,2024-12-21,4927
ST001,Downtown Store,2024-12-04,11:20:09,T000379,5,16.34,8.54,510.58,7,1,379,CARD,2024-12-21,7972
ST001,Downtown Store,2024-11-21,18:20:09,T000380,3,41.44,8.49,526.38,5,2,380,MOBILE,2024-12-21,7219
ST003,Airport Store,2024-12-08,18:20:09,T000381,1,0.66,7.96,464.6,7,1,381,MOBILE,2024-12-21,2647
ST003,Airport Store,2024-11-23,09:20:09,T000382,1,37.03,13.63,536.57,2,2,382,CASH,2024-12-21,5384
ST002,Mall Store,2024-12-21,13:20:09,T000383,3,36.62,13.82,130.28,3,2,383,CARD,2024-12-21,8178
ST002,Mall Store,2024-12-19,19:20:09,T000384,3,16.78,12.49,576.19,9,3,384,MOBILE,2024-12-21,4552
ST003,Airport Store,2024-11-29,15:20:09,T000385,2,20.59,12.54,211.63,2,3,385,CARD,2024-12-21,2920
ST002,Mall Store,2024-11-25,09:20:09,T000386,5,34.83,9.96,933.8,7,2,386,CARD,2024-12-21,6388
ST001,Downtown Store,2024-12-04,05:20:09,T000387,3,10.22,10.08,425.08,1,2,387,MOBILE,2024-12-21,9442
ST001,Downtown Store,2024-12-07,15:20:09,T000388,5,31.42,11.89,260.74,9,2,388,MOBILE,2024-12-21,3679
ST004,Station Store,2024-11-25,09:20:09,T000389,1,43.71,7.03,136.11,6,1,389,CARD,2024-12-21,5434
ST003,Airport Store,2024-12-09,09:20:09,T000390,3,0.67,9.1,651.3,2,3,390,CASH,2024-12-21,9385
ST004,Station Store,2024-12-18,12:20:09,T000391,4,9.09,12.43,849.45,4,1,391,NULL,2024-12-21,5177
ST002,Mall Store,2024-12-05,09:20:09,T000392,5,49.46,7.32,943.12,3,3,392,CASH,2024-12-21,9397
ST004,Station Store,2024-11-23,04:20:09,T000393,3,35.33,8.74,375.79,2,2,393,MOBILE,2024-12-21,1670
ST004,Station Store,2024-12-11,14:20:09,T000394,5,5.18,5.49,585.2,9,2,394,CARD,2024-12-21,4439
ST001,Downtown Store,2024-12-11,12:20:09,T000395,2,37.93,5.15,215.17,7,1,395,CARD,2024-12-21,2925
ST001,Downtown Store,2024-12-09,22:20:09,T000396,1,12.91,11.05,438.83,4,2,396,CARD,2024-12-21,4645
ST002,Mall Store,2024-12-19,22:20:09,T000397,5,35.82,7.71,210.23,9,1,397,CASH,2024-12-21,2629
ST002,Mall Store,2024-12-21,08:20:09,T000398,2,25.35,6.88,86.2,2,2,398,CARD,2024-12-21,1857
ST003,Airport Store,2024-12-18,22:20:09,T000399,1,13.6,11.92,271.42,6,3,399,CARD,2024-12-21,7111
ST004,Station Store,2024-12-07,06:20:09,T000400,5,32.74,13.24,72.51,5,3,400,MOBILE,2024-12-21,8647
ST003,Airport Store,2024-12-05,16:20:09,T000401,2,34.95,8.68,438.02,1,1,401,CASH,2024-12-21,2093
ST001,Downtown Store,2024-12-08,09:20:09,T000402,3,41.22,11.3,859.54,6,1,402,MOBILE,2024-12-21,9092
ST003,Airport Store,2024-11-25,20:20:09,T000403,5,41.27,13.45,256.52,6,1,403,CASH,2024-12-21,3735
ST003,Airport Store,2024-12-03,00:20:09,T000404,4,16.33,12.48,808.6,3,1,404,CARD,2024-12-21,7396
ST001,Downtown Store,2024-12-10,15:20:09,T000405,3,42.46,9.06,23.56,5,3,405,CASH,2024-12-21,1919
ST002,Mall Store,2024-12-09,13:20:09,T000406,4,1.95,13.37,623.33,3,3,406,CARD,2024-12-21,1067
ST001,Downtown Store,2024-12-14,01:20:09,T000407,3,22.11,12.07,395.34,4,3,407,MOBILE,2024-12-21,1650
ST002,Mall Store,2024-12-20,11:20:09,T000408,4,26.38,7.12,995.67,2,2,408,MOBILE,2024-12-21,4539
ST002,Mall Store,2024-11-22,02:20:09,T000409,3,47.46,13.33,368.81,6,2,409,CASH,2024-12-21,4716
ST003,Airport Store,2024-12-09,05:20:09,T000410,3,34.86,11.49,282.54,3,1,410,CARD,2024-12-21,8427
ST001,Downtown Store,2024-12-18,19:20:09,T000411,4,2.12,10.8,458.38,2,2,411,MOBILE,2024-12-21,9566
ST003,Airport Store,2024-11-23,07:20:09,T000412,4,22.74,11.86,911.11,8,2,412,CARD,2024-12-21,4020
ST002,Mall Store,2024-12-09,18:20:09,T000413,2,37.03,5.95,598.14,4,1,413,CARD,2024-12-21,6021
ST001,Downtown Store,2024-12-18,04:20:09,T000414,4,44.05,13.83,662.45,7,1,414,NULL,2024-12-21,6047
ST004,Station Store,2024-11-27,23:20:09,T000415,5,40.0,13.85,133.97,3,1,415,MOBILE,2024-12-21,4294
ST003,Airport Store,2024-12-02,12:20:09,T000416,5,3.12,8.35,76.35,7,1,416,CARD,2024-12-21,7953
ST002,Mall Store,2024-12-12,02:20:09,T000417,3,39.47,9.16,176.44,4,2,417,CASH,2024-12-21,7628
ST004,Station Store,2024-12-18,02:20:09,T000418,1,48.39,9.4,285.58,8,3,418,CARD,2024-12-21,1861
ST004,Station Store,2024-11-24,00:20:09,T000419,2,12.82,8.55,677.25,4,1,419,CASH,2024-12-21,6457
ST004,Station Store,2024-11-28,10:20:09,T000420,2,41.47,12.07,621.05,5,2,420,MOBILE,2024-12-21,4199
ST002,Mall Store,2024-12-06,07:20:09,T000421,4,13.68,9.88,91.45,7,3,421,CARD,2024-12-21,5920
ST003,Airport Store,2024-11-25,22:20:09,T000422,5,20.93,9.58,727.76,2,3,422,NULL,2024-12-21,9080
ST003,Airport Store,2024-11-25,22:20:09,T000423,5,49.47,13.9,377.75,5,2,423,CARD,2024-12-21,1446
ST004,Station Store,2024-12-09,08:20:09,T000424,3,32.9,6.17,801.72,7,3,424,CARD,2024-12-21,3535
ST001,Downtown Store,2024-12-01,01:20:09,T000425,3,36.81,10.13,870.91,6,3,425,NULL,2024-12-21,2695
ST003,Airport Store,2024-12-11,18:20:09,T000426,4,8.27,13.54,495.86,6,2,426,NULL,2024-12-21,7855
ST003,Airport Store,2024-11-24,12:20:09,T000427,1,39.28,7.53,939.51,1,3,427,MOBILE,2024-12-21,6374
ST001,Downtown Store,2024-12-20,18:20:09,T000428,4,33.64,7.21,226.03,4,3,428,CARD,2024-12-21,7531
ST001,Downtown Store,2024-12-14,17:20:09,T000429,2,39.63,11.27,752.76,6,1,429,CARD,2024-12-21,2996
ST001,Downtown Store,2024-11-23,22:20:09,T000430,2,47.43,14.45,613.84,7,1,430,CARD,2024-12-21,6592
ST001,Downtown Store,2024-12-02,20:20:09,T000431,2,38.02,10.13,707.04,2,1,431,MOBILE,2024-12-21,3828
ST003,Airport Store,2024-12-16,18:20:09,T000432,5,2.27,11.47,234.47,9,2,432,MOBILE,2024-12-21,8069
ST001,Downtown Store,2024-12-04,08:20:09,T000433,1,41.96,6.61,34.72,2,1,433,CARD,2024-12-21,2504
ST001,Downtown Store,2024-11-24,12:20:09,T000434,3,8.67,8.8,803.43,3,3,434,CARD,2024-12-21,7416
ST001,Downtown Store,2024-12-08,20:20:09,T000435,2,33.87,10.66,929.85,6,2,435,CASH,2024-12-21,9100
ST001,Downtown Store,2024-11-29,12:20:09,T000436,3,26.24,12.75,242.08,8,1,436,CARD,2024-12-21,2874
ST003,Airport Store,2024-12-19,08:20:09,T000437,3,30.57,11.78,324.37,2,2,437,NULL,2024-12-21,8538
ST004,Station Store,2024-12-15,16:20:09,T000438,2,45.65,8.4,461.06,1,1,438,CARD,2024-12-21,2517
ST003,Airport Store,2024-11-29,06:20:09,T000439,4,17.0,5.79,448.37,1,2,439,CARD,2024-12-21,7603
ST004,Station Store,2024-12-11,04:20:09,T000440,2,46.43,5.62,101.44,8,3,440,CASH,2024-12-21,7797
ST001,Downtown Store,2024-12-13,21:20:09,T000441,2,9.47,5.05,69.5,9,2,441,CARD,2024-12-21,9002
ST004,Station Store,2024-11-21,17:20:09,T000442,3,37.85,5.56,16.81,9,1,442,CASH,2024-12-21,7305
ST003,Airport Store,2024-12-06,03:20:09,T000443,2,44.78,14.09,320.74,7,1,443,CARD,2024-12-21,5765
ST003,Airport Store,2024-12-07,06:20:09,T000444,5,21.5,13.31,128.69,1,2,444,CARD,2024-12-21,9185
ST002,Mall Store,2024-12-04,02:20:09,T000445,1,8.22,6.17,551.23,1,3,445,CARD,2024-12-21,9662
ST004,Station Store,2024-11-25,07:20:09,T000446,2,5.29,13.73,527.91,3,2,446,CARD,2024-12-21,8347
ST001,Downtown Store,2024-12-21,04:20:09,T000447,3,40.05,6.04,581.09,7,1,447,CASH,2024-12-21,2260
ST002,Mall Store,2024-11-29,17:20:09,T000448,1,44.78,12.84,702.71,3,2,448,MOBILE,2024-12-21,7251
ST004,Station Store,2024-12-16,14:20:09,T000449,5,28.4,7.96,938.93,6,2,449,MOBILE,2024-12-21,9806
ST003,Airport Store,2024-12-20,14:20:09,T000450,5,12.0,6.44,124.54,9,1,450,CARD,2024-12-21,5647
ST001,Downtown Store,2024-11-26,03:20:09,T000451,1,12.64,10.78,365.62,5,3,451,MOBILE,2024-12-21,9869
ST003,Airport Store,2024-11-30,04:20:09,T000452,1,16.41,7.09,93.84,1,2,452,NULL,2024-12-21,7509
ST002,Mall Store,2024-12-01,11:20:09,T000453,5,28.82,12.62,783.69,5,3,453,CASH,2024-12-21,8984
ST003,Airport Store,2024-11-30,13:20:09,T000454,2,1.63,9.76,413.67,6,3,454,CARD,2024-12-21,7289
ST004,Station Store,2024-12-01,21:20:09,T000455,5,11.2,7.39,517.18,3,1,455,CARD,2024-12-21,2939
ST004,Station Store,2024-12-19,15:20:09,T000456,2,41.68,13.15,615.71,1,3,456,CASH,2024-12-21,6184
ST003,Airport Store,2024-11-28,08:20:09,T000457,5,26.58,10.38,285.32,4,3,457,CASH,2024-12-21,5524
ST002,Mall Store,2024-12-03,08:20:09,T000458,5,35.51,5.96,324.52,9,3,458,CASH,2024-12-21,4847
ST003,Airport Store,2024-12-12,12:20:09,T000459,4,45.82,11.35,633.52,3,2,459,MOBILE,2024-12-21,9849
ST002,Mall Store,2024-11-29,17:20:09,T000460,5,21.42,12.31,826.23,7,1,460,CASH,2024-12-21,2657
ST001,Downtown Store,2024-12-12,02:20:09,T000461,4,18.95,14.15,258.66,2,3,461,CARD,2024-12-21,1607
ST001,Downtown Store,2024-11-29,22:20:09,T000462,4,10.76,13.84,563.81,1,3,462,CARD,2024-12-21,1808
ST003,Airport Store,2024-12-08,20:20:09,T000463,3,47.34,9.0,785.47,3,1,463,CARD,2024-12-21,9790
ST002,Mall Store,2024-11-30,21:20:09,T000464,2,6.02,14.39,189.37,3,1,464,CASH,2024-12-21,3931
ST004,Station Store,2024-11-22,18:20:09,T000465,1,8.01,6.71,423.96,9,2,465,MOBILE,2024-12-21,7782
ST001,Downtown Store,2024-11-22,13:20:09,T000466,3,30.12,6.63,241.47,5,1,466,NULL,2024-12-21,4792
ST004,Station Store,2024-12-15,12:20:09,T000467,2,46.32,9.2,60.12,1,3,467,CARD,2024-12-21,2012
ST003,Airport Store,2024-12-18,20:20:09,T000468,1,39.37,8.06,49.86,4,3,468,CASH,2024-12-21,5922
ST003,Airport Store,2024-12-03,07:20:09,T000469,4,21.31,13.32,807.59,1,1,469,CASH,2024-12-21,1089
ST004,Station Store,2024-12-17,18:20:09,T000470,5,31.32,7.87,286.95,7,1,470,MOBILE,2024-12-21,2404
ST001,Downtown Store,2024-11-29,15:20:09,T000471,4,34.69,10.53,224.09,5,1,471,MOBILE,2024-12-21,9476
ST004,Station Store,2024-12-03,05:20:09,T000472,4,20.39,6.26,179.58,6,2,472,CARD,2024-12-21,5566
ST002,Mall Store,2024-12-18,17:20:09,T000473,3,32.08,7.6,887.23,4,3,473,CASH,2024-12-21,8910
ST003,Airport Store,2024-12-14,10:20:09,T000474,4,33.62,13.26,676.36,4,2,474,CARD,2024-12-21,7781
ST003,Airport Store,2024-12-19,17:20:09,T000475,2,1.75,14.9,39.72,9,2,475,CARD,2024-12-21,5675
ST003,Airport Store,2024-12-11,22:20:09,T000476,3,28.89,13.66,296.55,5,2,476,CARD,2024-12-21,2161
ST002,Mall Store,2024-11-29,14:20:09,T000477,4,33.27,10.01,648.41,7,1,477,CARD,2024-12-21,3176
ST003,Airport Store,2024-12-05,17:20:09,T000478,4,30.16,10.24,261.05,1,1,478,CARD,2024-12-21,8135
ST001,Downtown Store,2024-12-14,19:20:09,T000479,4,39.05,12.91,606.45,4,3,479,CASH,2024-12-21,8498
ST001,Downtown Store,2024-11-29,15:20:09,T000480,4,7.59,13.9,944.49,1,2,480,CARD,2024-12-21,3077
ST004,Station Store,2024-12-19,18:20:09,T000481,4,38.43,7.26,695.43,8,1,481,CARD,2024-12-21,2384
ST002,Mall Store,2024-12-14,14:20:09,T000482,5,32.52,7.12,130.79,2,3,482,CASH,2024-12-21,6593
ST001,Downtown Store,2024-12-04,22:20:09,T000483,4,16.6,9.65,23.55,9,2,483,MOBILE,2024-12-21,8206
ST004,Station Store,2024-12-15,14:20:09,T000484,1,33.64,12.24,497.67,2,3,484,MOBILE,2024-12-21,8452
ST003,Airport Store,2024-12-13,08:20:09,T000485,5,28.84,10.64,505.28,5,2,485,CASH,2024-12-21,5769
ST004,Station Store,2024-12-04,14:20:09,T000486,4,7.53,13.52,991.54,6,2,486,MOBILE,2024-12-21,5535
ST001,Downtown Store,2024-11-25,12:20:09,T000487,1,41.88,11.14,585.38,7,1,487,CASH,2024-12-21,6060
ST004,Station Store,2024-12-19,01:20:09,T000488,3,29.67,5.16,731.49,1,1,488,MOBILE,2024-12-21,3364
ST003,Airport Store,2024-12-14,18:20:09,T000489,4,46.21,9.61,503.98,5,1,489,MOBILE,2024-12-21,7998
ST004,Station Store,2024-11-30,02:20:09,T000490,3,0.0,12.12,363.03,3,2,490,CASH,2024-12-21,5054
ST004,Station Store,2024-12-01,23:20:09,T000491,4,28.29,10.14,94.21,9,3,491,CARD,2024-12-21,5932
ST004,Station Store,2024-12-16,13:20:09,T000492,1,15.75,5.97,185.13,6,3,492,CARD,2024-12-21,3575
ST003,Airport Store,2024-12-13,16:20:09,T000493,3,40.62,8.27,312.69,1,2,493,CARD,2024-12-21,8493
ST004,Station Store,2024-11-22,17:20:09,T000494,3,18.23,12.39,669.95,4,1,494,CASH,2024-12-21,1242
ST002,Mall Store,2024-11-25,18:20:09,T000495,3,30.96,6.87,35.43,6,3,495,CARD,2024-12-21,6162
ST003,Airport Store,2024-11-29,20:20:09,T000496,2,26.18,7.82,305.09,9,3,496,MOBILE,2024-12-21,7578
ST004,Station Store,2024-11-30,03:20:09,T000497,3,31.89,13.2,51.16,3,2,497,CASH,2024-12-21,5837
ST001,Downtown Store,2024-11-30,16:20:09,T000498,1,48.85,10.45,144.33,8,3,498,CARD,2024-12-21,8833
ST002,Mall Store,2024-12-18,16:20:09,T000499,3,47.08,10.3,735.06,9,1,499,MOBILE,2024-12-21,5213
ST002,Mall Store,2024-11-26,08:20:09,T000500,4,19.8,12.56,459.64,6,1,500,CASH,2024-12-21,9982
ST002,Mall Store,2024-12-14,00:20:09,T000501,3,48.47,8.78,71.42,3,1,501,CARD,2024-12-21,3381
ST003,Airport Store,2024-12-06,00:20:09,T000502,1,5.32,6.14,941.64,8,1,502,CARD,2024-12-21,1506
ST003,Airport Store,2024-11-29,01:20:09,T000503,4,19.85,9.55,420.81,7,2,503,CASH,2024-12-21,2192
ST002,Mall Store,2024-12-18,14:20:09,T000504,1,30.09,10.82,407.45,4,1,504,CASH,2024-12-21,2211
ST002,Mall Store,2024-12-13,00:20:09,T000505,1,31.0,11.98,222.77,7,2,505,CARD,2024-12-21,5386
ST004,Station Store,2024-12-03,16:20:09,T000506,2,26.5,11.78,596.84,9,2,506,CASH,2024-12-21,2436
ST004,Station Store,2024-12-06,07:20:09,T000507,3,21.64,10.96,89.81,7,1,507,MOBILE,2024-12-21,8837
ST002,Mall Store,2024-11-29,23:20:09,T000508,2,31.5,13.29,785.63,5,3,508,NULL,2024-12-21,9448
ST003,Airport Store,2024-12-09,22:20:09,T000509,2,48.55,6.77,724.85,8,2,509,CARD,2024-12-21,8933
ST001,Downtown Store,2024-12-14,02:20:09,T000510,1,44.75,6.49,788.07,7,1,510,MOBILE,2024-12-21,2184
ST003,Airport Store,2024-12-20,18:20:09,T000511,5,21.99,11.44,387.14,6,2,511,CARD,2024-12-21,1421
ST001,Downtown Store,2024-11-29,06:20:09,T000512,1,41.77,6.97,446.74,2,1,512,CARD,2024-12-21,7103
ST002,Mall Store,2024-12-10,06:20:09,T000513,4,46.77,9.66,450.93,5,3,513,CASH,2024-12-21,6982
ST002,Mall Store,2024-12-19,19:20:09,T000514,4,20.76,5.14,483.55,6,1,514,CARD,2024-12-21,6673
ST001,Downtown Store,2024-12-11,12:20:09,T000515,3,11.34,11.67,89.3,3,3,515,MOBILE,2024-12-21,9220
ST003,Airport Store,2024-11-22,23:20:09,T000516,4,19.89,10.12,488.46,8,3,516,CASH,2024-12-21,5270
ST004,Station Store,2024-12-20,07:20:09,T000517,5,1.29,10.53,525.24,3,1,517,CARD,2024-12-21,8500
ST001,Downtown Store,2024-12-05,03:20:09,T000518,2,9.26,10.41,649.12,1,2,518,NULL,2024-12-21,6831
ST004,Station Store,2024-12-06,21:20:09,T000519,1,46.85,14.84,798.52,9,1,519,CASH,2024-12-21,6649
ST002,Mall Store,2024-11-27,09:20:09,T000520,3,27.74,5.77,14.15,9,3,520,CARD,2024-12-21,5206
ST001,Downtown Store,2024-12-01,04:20:09,T000521,4,28.98,5.22,988.65,3,2,521,CARD,2024-12-21,6911
ST004,Station Store,2024-12-11,19:20:09,T000522,5,11.85,5.97,187.24,2,2,522,CARD,2024-12-21,5270
ST003,Airport Store,2024-12-16,00:20:09,T000523,5,14.03,8.5,784.6,3,3,523,CASH,2024-12-21,7893
ST002,Mall Store,2024-12-07,02:20:09,T000524,5,11.23,8.99,415.58,7,2,524,CASH,2024-12-21,8669
ST003,Airport Store,2024-11-24,16:20:09,T000525,4,21.0,10.78,834.29,4,1,525,CASH,2024-12-21,8204
ST002,Mall Store,2024-12-16,23:20:09,T000526,2,32.61,9.6,679.0,7,2,526,CASH,2024-12-21,7683
ST004,Station Store,2024-12-08,23:20:09,T000527,4,49.7,5.11,732.87,6,1,527,CARD,2024-12-21,7040
ST001,Downtown Store,2024-11-24,05:20:09,T000528,3,33.46,9.84,424.21,2,3,528,CASH,2024-12-21,2940
ST001,Downtown Store,2024-12-17,03:20:09,T000529,3,28.51,7.1,744.85,8,3,529,CARD,2024-12-21,2073
ST004,Station Store,2024-12-05,16:20:09,T000530,3,13.06,11.95,571.72,5,2,530,CARD,2024-12-21,7772
ST004,Station Store,2024-12-08,05:20:09,T000531,4,25.69,7.88,16.4,6,3,531,CASH,2024-12-21,3597
ST002,Mall Store,2024-11-24,15:20:09,T000532,2,47.07,6.74,476.93,8,3,532,CARD,2024-12-21,8036
ST004,Station Store,2024-11-22,23:20:09,T000533,1,9.81,5.23,863.05,2,1,533,CARD,2024-12-21,1220
ST003,Airport Store,2024-11-22,13:20:09,T000534,3,12.79,8.27,172.97,8,3,534,CARD,2024-12-21,9536
ST001,Downtown Store,2024-11-23,09:20:09,T000535,5,21.32,11.15,90.76,7,3,535,CASH,2024-12-21,7899
ST002,Mall Store,2024-12-16,12:20:09,T000536,4,18.02,11.05,393.58,8,1,536,CARD,2024-12-21,7297
ST004,Station Store,2024-11-30,05:20:09,T000537,3,27.87,12.07,665.94,2,3,537,CARD,2024-12-21,3572
ST004,Station Store,2024-12-17,09:20:09,T000538,2,10.42,6.33,642.1,9,2,538,CASH,2024-12-21,6730
ST001,Downtown Store,2024-12-12,17:20:09,T000539,2,42.96,10.0,678.14,8,1,539,MOBILE,2024-12-21,1571
ST003,Airport Store,2024-12-17,03:20:09,T000540,5,46.73,8.03,784.07,7,3,540,CARD,2024-12-21,8601
ST004,Station Store,2024-11-29,03:20:09,T000541,1,9.12,14.65,433.9,7,2,541,CARD,2024-12-21,3933
ST004,Station Store,2024-11-29,12:20:09,T000542,5,11.61,9.05,276.47,8,1,542,CARD,2024-12-21,5312
ST004,Station Store,2024-12-14,07:20:09,T000543,1,32.89,11.42,35.31,1,1,543,NULL,2024-12-21,6109
ST004,Station Store,2024-12-20,07:20:09,T000544,2,15.85,13.09,876.73,7,3,544,MOBILE,2024-12-21,7691
ST001,Downtown Store,2024-12-13,02:20:09,T000545,2,47.25,11.83,338.3,1,2,545,CARD,2024-12-21,8037
ST002,Mall Store,2024-12-03,08:20:09,T000546,3,8.86,5.05,450.96,5,2,546,CARD,2024-12-21,8389
ST003,Airport Store,2024-12-05,04:20:09,T000547,3,47.29,8.13,859.92,9,1,547,MOBILE,2024-12-21,1190
ST004,Station Store,2024-12-04,12:20:09,T000548,4,31.25,11.38,314.07,7,3,548,NULL,2024-12-21,1463
ST002,Mall Store,2024-11-28,16:20:09,T000549,1,41.03,11.77,639.69,4,1,549,CARD,2024-12-21,1382
ST001,Downtown Store,2024-12-09,12:20:09,T000550,5,49.06,14.32,934.53,3,2,550,CARD,2024-12-21,2340
ST003,Airport Store,2024-11-25,11:20:09,T000551,1,15.21,6.39,615.89,6,2,551,CARD,2024-12-21,4150
ST002,Mall Store,2024-11-22,15:20:09,T000552,2,31.57,7.71,256.3,9,2,552,MOBILE,2024-12-21,9543
ST001,Downtown Store,2024-12-02,04:20:09,T000553,4,27.21,14.76,375.44,9,1,553,CARD,2024-12-21,2990
ST001,Downtown Store,2024-12-20,20:20:09,T000554,5,20.79,5.63,402.79,2,1,554,CARD,2024-12-21,5435
ST001,Downtown Store,2024-12-10,01:20:09,T000555,5,40.88,13.95,854.71,1,3,555,CARD,2024-12-21,9633
ST003,Airport Store,2024-11-26,22:20:09,T000556,4,25.64,8.21,600.09,7,1,556,CARD,2024-12-21,2551
ST003,Airport Store,2024-12-17,05:20:09,T000557,5,10.21,9.19,227.44,9,3,557,NULL,2024-12-21,8893
ST002,Mall Store,2024-12-19,14:20:09,T000558,5,6.02,5.68,726.79,1,3,558,CARD,2024-12-21,1215
ST004,Station Store,2024-12-02,08:20:09,T000559,5,17.44,8.75,625.12,9,3,559,CASH,2024-12-21,3365
ST004,Station Store,2024-12-16,11:20:09,T000560,2,9.49,5.39,397.89,2,2,560,CARD,2024-12-21,1228
ST003,Airport Store,2024-12-03,19:20:09,T000561,5,25.44,13.61,867.38,3,2,561,MOBILE,2024-12-21,4779
ST003,Airport Store,2024-11-24,11:20:09,T000562,2,49.34,12.55,256.12,1,2,562,CARD,2024-12-21,3410
ST001,Downtown Store,2024-12-11,06:20:09,T000563,1,0.35,9.03,242.41,3,2,563,CARD,2024-12-21,7103
ST003,Airport Store,2024-11-24,05:20:09,T000564,1,6.85,10.38,193.07,6,3,564,CASH,2024-12-21,8995
ST003,Airport Store,2024-12-15,10:20:09,T000565,5,43.8,14.05,498.03,9,2,565,CASH,2024-12-21,8325
ST004,Station Store,2024-12-08,06:20:09,T000566,2,14.9,8.2,172.64,8,2,566,MOBILE,2024-12-21,2910
ST003,Airport Store,2024-12-15,05:20:09,T000567,4,1.04,12.61,52.31,5,1,567,CASH,2024-12-21,7464
ST003,Airport Store,2024-11-30,15:20:09,T000568,5,42.98,6.69,855.4,8,2,568,CARD,2024-12-21,1585
ST004,Station Store,2024-11-28,15:20:09,T000569,1,40.98,13.88,207.23,7,3,569,MOBILE,2024-12-21,6325
ST002,Mall Store,2024-11-22,04:20:09,T000570,3,35.05,6.94,452.73,6,2,570,MOBILE,2024-12-21,9320
ST002,Mall Store,2024-12-12,09:20:09,T000571,2,4.37,8.77,419.38,7,3,571,CASH,2024-12-21,4918
ST004,Station Store,2024-11-22,15:20:09,T000572,2,36.74,12.0,854.4,9,1,572,CASH,2024-12-21,2590
ST002,Mall Store,2024-12-16,21:20:09,T000573,5,17.13,11.28,200.1,2,1,573,NULL,2024-12-21,7726
ST003,Airport Store,2024-12-04,14:20:09,T000574,2,46.2,13.2,566.25,4,2,574,CARD,2024-12-21,3630
ST002,Mall Store,2024-11-30,22:20:09,T000575,4,27.6,7.42,431.74,3,3,575,CARD,2024-12-21,5151
ST004,Station Store,2024-12-14,13:20:09,T000576,3,35.63,6.93,476.6,2,3,576,CASH,2024-12-21,8366
ST001,Downtown Store,2024-12-02,19:20:09,T000577,1,34.19,5.25,693.15,1,3,577,CASH,2024-12-21,3223
ST003,Airport Store,2024-11-26,09:20:09,T000578,1,4.03,6.47,305.0,1,1,578,MOBILE,2024-12-21,6471
ST001,Downtown Store,2024-12-04,18:20:09,T000579,1,17.14,6.11,574.71,8,2,579,MOBILE,2024-12-21,3708
ST002,Mall Store,2024-12-20,11:20:09,T000580,5,27.7,10.35,203.5,4,1,580,CARD,2024-12-21,2552
ST001,Downtown Store,2024-11-22,02:20:09,T000581,1,5.75,5.04,506.99,8,3,581,MOBILE,2024-12-21,8246
ST003,Airport Store,2024-12-01,19:20:09,T000582,3,4.36,9.87,694.5,1,2,582,MOBILE,2024-12-21,1786
ST001,Downtown Store,2024-12-16,00:20:09,T000583,1,15.61,12.25,798.34,3,1,583,CARD,2024-12-21,3349
ST004,Station Store,2024-12-08,12:20:09,T000584,5,37.24,9.46,29.82,6,2,584,CARD,2024-12-21,5582
ST004,Station Store,2024-11-27,02:20:09,T000585,4,9.32,12.49,550.24,7,1,585,MOBILE,2024-12-21,1300
ST004,Station Store,2024-12-15,11:20:09,T000586,3,48.36,12.15,957.56,1,2,586,CARD,2024-12-21,4661
ST004,Station Store,2024-12-16,22:20:09,T000587,4,6.17,7.06,10.93,2,2,587,NULL,2024-12-21,4276
ST003,Airport Store,2024-12-05,13:20:09,T000588,4,36.91,13.57,939.33,7,2,588,MOBILE,2024-12-21,9269
ST004,Station Store,2024-12-05,15:20:09,T000589,2,46.84,10.16,502.28,4,2,589,CASH,2024-12-21,5275
ST003,Airport Store,2024-12-01,18:20:09,T000590,5,19.68,9.73,856.0,6,3,590,MOBILE,2024-12-21,7500
ST004,Station Store,2024-12-18,11:20:09,T000591,3,34.02,7.74,829.4,5,3,591,MOBILE,2024-12-21,2032
ST003,Airport Store,2024-12-07,15:20:09,T000592,5,14.32,10.18,750.54,9,3,592,MOBILE,2024-12-21,2641
ST004,Station Store,2024-12-14,07:20:09,T000593,2,46.51,10.28,266.32,9,2,593,MOBILE,2024-12-21,1882
ST001,Downtown Store,2024-12-13,00:20:09,T000594,2,8.31,8.8,621.02,4,2,594,MOBILE,2024-12-21,1641
ST004,Station Store,2024-11-24,21:20:09,T000595,2,29.59,6.92,670.02,9,3,595,CASH,2024-12-21,3567
ST002,Mall Store,2024-12-18,15:20:09,T000596,4,25.97,6.98,807.12,8,1,596,CARD,2024-12-21,6645
ST004,Station Store,2024-12-09,18:20:09,T000597,2,13.84,10.58,353.53,7,3,597,CARD,2024-12-21,6413
ST002,Mall Store,2024-12-20,17:20:09,T000598,4,15.8,13.52,50.52,6,1,598,CARD,2024-12-21,6682
ST002,Mall Store,2024-11-26,12:20:09,T000599,5,25.9,11.14,244.24,8,1,599,CARD,2024-12-21,9119
ST004,Station Store,2024-12-06,04:20:09,T000600,4,11.99,6.95,509.86,4,2,600,CASH,2024-12-21,9216
ST003,Airport Store,2024-11-23,21:20:09,T000601,4,21.25,8.83,721.88,7,1,601,MOBILE,2024-12-21,8072
ST001,Downtown Store,2024-11-30,22:20:09,T000602,4,22.45,10.78,575.2,8,1,602,MOBILE,2024-12-21,1308
ST002,Mall Store,2024-12-05,19:20:09,T000603,4,49.66,13.69,568.99,1,3,603,CASH,2024-12-21,6720
ST004,Station Store,2024-11-23,06:20:09,T000604,3,34.26,7.9,209.45,6,1,604,CASH,2024-12-21,1545
ST001,Downtown Store,2024-12-13,14:20:09,T000605,1,27.37,6.65,73.24,3,1,605,CASH,2024-12-21,3663
ST003,Airport Store,2024-12-20,14:20:09,T000606,2,37.59,14.06,746.0,2,1,606,MOBILE,2024-12-21,6092
ST003,Airport Store,2024-12-03,06:20:09,T000607,2,28.78,6.26,585.9,9,3,607,MOBILE,2024-12-21,6636
ST003,Airport Store,2024-12-05,06:20:09,T000608,4,31.18,6.31,316.59,8,3,608,CARD,2024-12-21,9446
ST003,Airport Store,2024-12-21,02:20:09,T000609,1,10.45,11.96,944.77,7,1,609,CARD,2024-12-21,6356
ST001,Downtown Store,2024-11-30,15:20:09,T000610,5,6.52,7.04,771.37,4,3,610,CASH,2024-12-21,9075
ST002,Mall Store,2024-12-06,09:20:09,T000611,1,4.34,10.38,914.1,6,3,611,CASH,2024-12-21,1877
ST002,Mall Store,2024-12-17,03:20:09,T000612,2,24.41,13.13,108.24,6,1,612,CARD,2024-12-21,2223
ST001,Downtown Store,2024-12-04,07:20:09,T000613,2,1.62,7.36,317.2,3,2,613,CASH,2024-12-21,6515
ST002,Mall Store,2024-11-21,16:20:09,T000614,2,2.35,8.39,411.1,2,1,614,CARD,2024-12-21,1572
ST001,Downtown Store,2024-12-18,22:20:09,T000615,3,47.38,7.19,332.96,9,2,615,CARD,2024-12-21,8422
ST001,Downtown Store,2024-12-09,14:20:09,T000616,4,11.42,5.58,306.93,1,3,616,CARD,2024-12-21,8952
ST004,Station Store,2024-12-01,23:20:09,T000617,3,43.28,10.77,677.3,1,2,617,CARD,2024-12-21,2173
ST004,Station Store,2024-12-09,13:20:09,T000618,3,20.54,10.05,17.28,8,3,618,MOBILE,2024-12-21,6287
ST004,Station Store,2024-11-23,15:20:09,T000619,3,25.1,14.1,720.09,9,3,619,MOBILE,2024-12-21,8706
ST004,Station Store,2024-12-10,20:20:09,T000620,4,23.77,12.57,692.23,2,1,620,NULL,2024-12-21,6755
ST001,Downtown Store,2024-12-16,00:20:09,T000621,5,20.86,13.78,211.95,7,2,621,CARD,2024-12-21,7811
ST004,Station Store,2024-11-28,09:20:09,T000622,5,14.54,9.69,859.28,2,2,622,CASH,2024-12-21,1867
ST004,Station Store,2024-11-22,07:20:09,T000623,5,10.07,5.1,84.55,2,2,623,CARD,2024-12-21,4039
ST002,Mall Store,2024-12-03,21:20:09,T000624,5,2.62,9.5,262.2,3,1,624,CASH,2024-12-21,7747
ST001,Downtown Store,2024-11-24,18:20:09,T000625,5,38.29,5.79,56.59,9,2,625,CARD,2024-12-21,4516
ST004,Station Store,2024-12-19,18:20:09,T000626,3,1.36,12.84,20.41,8,1,626,CARD,2024-12-21,4626
ST001,Downtown Store,2024-12-07,06:20:09,T000627,4,19.46,13.87,894.99,5,3,627,CASH,2024-12-21,4443
ST004,Station Store,2024-12-11,18:20:09,T000628,1,47.94,6.43,584.03,6,1,628,CASH,2024-12-21,2407
ST001,Downtown Store,2024-11-29,13:20:09,T000629,5,2.75,10.79,91.75,3,1,629,CARD,2024-12-21,1997
ST001,Downtown Store,2024-11-23,19:20:09,T000630,4,15.82,5.87,310.19,7,3,630,CARD,2024-12-21,9564
ST001,Downtown Store,2024-12-12,05:20:09,T000631,1,0.31,13.11,948.89,7,2,631,CASH,2024-12-21,1314
ST004,Station Store,2024-12-05,05:20:09,T000632,1,1.2,10.34,691.46,3,1,632,CASH,2024-12-21,6585
ST001,Downtown Store,2024-11-24,21:20:09,T000633,4,4.85,5.56,137.93,4,1,633,CASH,2024-12-21,9498
ST004,Station Store,2024-11-22,02:20:09,T000634,5,25.76,14.9,615.23,1,2,634,MOBILE,2024-12-21,6398
ST001,Downtown Store,2024-12-18,05:20:09,T000635,4,11.98,5.32,342.49,3,2,635,MOBILE,2024-12-21,2099
ST004,Station Store,2024-12-04,21:20:09,T000636,5,11.22,10.05,268.24,7,2,636,CARD,2024-12-21,8194
ST004,Station Store,2024-12-13,14:20:09,T000637,3,6.97,10.69,869.3,6,3,637,MOBILE,2024-12-21,6027
ST002,Mall Store,2024-12-12,16:20:09,T000638,3,19.72,13.67,251.56,3,3,638,CARD,2024-12-21,6517
ST004,Station Store,2024-11-28,02:20:09,T000639,4,41.87,8.23,890.12,2,3,639,CASH,2024-12-21,5911
ST004,Station Store,2024-12-19,18:20:09,T000640,4,41.09,6.39,749.82,5,2,640,CASH,2024-12-21,7523
ST004,Station Store,2024-12-18,22:20:09,T000641,2,22.24,10.77,983.51,4,3,641,CARD,2024-12-21,2502
ST003,Airport Store,2024-12-02,00:20:09,T000642,3,4.43,11.77,73.45,6,1,642,MOBILE,2024-12-21,9061
ST002,Mall Store,2024-12-14,16:20:09,T000643,2,20.87,8.1,938.45,6,2,643,CASH,2024-12-21,1508
ST004,Station Store,2024-11-25,09:20:09,T000644,1,31.01,10.45,134.39,7,1,644,CASH,2024-12-21,8890
ST001,Downtown Store,2024-12-21,09:20:09,T000645,3,6.97,13.66,872.87,3,3,645,CARD,2024-12-21,1687
ST002,Mall Store,2024-12-11,11:20:09,T000646,4,21.61,5.91,749.14,6,1,646,CASH,2024-12-21,6360
ST003,Airport Store,2024-12-16,01:20:09,T000647,4,11.29,6.76,867.57,6,3,647,CASH,2024-12-21,9418
ST004,Station Store,2024-12-09,22:20:09,T000648,4,36.35,11.93,987.49,9,1,648,CARD,2024-12-21,8435
ST001,Downtown Store,2024-11-26,12:20:09,T000649,2,7.82,12.52,572.59,3,3,649,CASH,2024-12-21,9714
ST002,Mall Store,2024-11-26,09:20:09,T000650,2,31.59,10.19,60.65,7,1,650,CARD,2024-12-21,4880
ST003,Airport Store,2024-12-08,20:20:09,T000651,4,16.14,7.58,469.35,7,3,651,NULL,2024-12-21,9060
ST003,Airport Store,2024-11-25,07:20:09,T000652,2,44.99,11.28,444.26,1,1,652,CARD,2024-12-21,9240
ST004,Station Store,2024-12-03,13:20:09,T000653,2,26.44,5.34,642.57,5,1,653,CARD,2024-12-21,5777
ST003,Airport Store,2024-12-20,04:20:09,T000654,4,39.75,6.63,113.27,3,2,654,MOBILE,2024-12-21,2932
ST001,Downtown Store,2024-12-10,20:20:09,T000655,3,45.53,9.36,137.8,4,1,655,CASH,2024-12-21,4385
ST001,Downtown Store,2024-11-26,20:20:09,T000656,2,44.97,6.34,392.83,2,1,656,MOBILE,2024-12-21,7297
ST004,Station Store,2024-12-06,03:20:09,T000657,3,36.8,7.75,642.72,3,3,657,NULL,2024-12-21,8170
ST004,Station Store,2024-11-24,04:20:09,T000658,5,46.53,5.25,699.72,1,1,658,CARD,2024-12-21,2125
ST002,Mall Store,2024-11-24,06:20:09,T000659,3,4.59,11.81,880.53,3,3,659,CARD,2024-12-21,3944
ST001,Downtown Store,2024-11-23,07:20:09,T000660,4,2.0,8.62,828.13,5,1,660,CARD,2024-12-21,2211
ST002,Mall Store,2024-11-29,09:20:09,T000661,2,13.76,8.98,932.16,6,1,661,NULL,2024-12-21,6820
ST001,Downtown Store,2024-12-05,22:20:09,T000662,4,2.85,8.43,670.27,1,1,662,CASH,2024-12-21,5958
ST001,Downtown Store,2024-11-30,04:20:09,T000663,3,3.85,11.71,823.05,6,2,663,NULL,2024-12-21,5551
ST004,Station Store,2024-12-16,21:20:09,T000664,5,33.58,8.34,261.72,6,3,664,CASH,2024-12-21,3311
ST002,Mall Store,2024-12-04,02:20:09,T000665,2,17.12,10.46,100.44,6,1,665,CASH,2024-12-21,1838
ST003,Airport Store,2024-12-09,05:20:09,T000666,5,0.87,5.49,577.04,5,1,666,CARD,2024-12-21,4320
ST003,Airport Store,2024-12-16,15:20:09,T000667,5,1.33,12.35,629.39,8,3,667,CARD,2024-12-21,7697
ST003,Airport Store,2024-11-23,06:20:09,T000668,4,14.19,11.94,312.76,9,1,668,CARD,2024-12-21,7985
ST002,Mall Store,2024-12-19,05:20:09,T000669,5,40.64,10.79,622.1,2,2,669,MOBILE,2024-12-21,4670
ST002,Mall Store,2024-11-30,00:20:09,T000670,5,24.86,14.5,306.94,1,1,670,CARD,2024-12-21,4549
ST001,Downtown Store,2024-12-12,03:20:09,T000671,3,35.61,6.76,243.03,1,3,671,NULL,2024-12-21,2559
ST004,Station Store,2024-12-11,16:20:09,T000672,3,32.3,7.33,165.19,9,2,672,CARD,2024-12-21,9014
ST002,Mall Store,2024-11-26,07:20:09,T000673,4,22.4,9.05,984.25,2,2,673,CASH,2024-12-21,4787
ST003,Airport Store,2024-11-23,13:20:09,T000674,2,9.83,14.47,213.57,7,2,674,CARD,2024-12-21,2823
ST004,Station Store,2024-12-05,09:20:09,T000675,1,23.45,5.71,820.12,4,1,675,CARD,2024-12-21,2849
ST003,Airport Store,2024-12-15,13:20:09,T000676,5,7.07,6.3,646.99,4,1,676,CASH,2024-12-21,6795
ST004,Station Store,2024-12-03,16:20:09,T000677,4,41.07,8.54,659.26,6,2,677,CARD,2024-12-21,3431
ST004,Station Store,2024-12-17,03:20:09,T000678,5,1.95,9.56,892.06,3,1,678,CARD,2024-12-21,7704
ST001,Downtown Store,2024-12-12,22:20:09,T000679,4,0.34,9.67,688.8,7,2,679,CASH,2024-12-21,2537
ST003,Airport Store,2024-12-03,21:20:09,T000680,3,42.85,13.17,453.86,7,2,680,CARD,2024-12-21,9697
ST002,Mall Store,2024-11-22,20:20:09,T000681,2,47.02,14.53,246.94,1,1,681,CARD,2024-12-21,8281
ST002,Mall Store,2024-11-27,11:20:09,T000682,2,1.41,8.75,630.49,9,1,682,MOBILE,2024-12-21,1719
ST003,Airport Store,2024-12-02,18:20:09,T000683,3,20.26,10.96,116.38,2,2,683,CASH,2024-12-21,7713
ST004,Station Store,2024-12-04,13:20:09,T000684,5,13.26,11.63,965.79,5,2,684,MOBILE,2024-12-21,5652
ST001,Downtown Store,2024-12-01,06:20:09,T000685,1,14.97,6.0,279.0,3,2,685,CARD,2024-12-21,7041
ST002,Mall Store,2024-11-24,02:20:09,T000686,3,31.48,9.16,174.87,3,3,686,CASH,2024-12-21,2468
ST002,Mall Store,2024-11-28,16:20:09,T000687,4,39.33,7.44,312.84,5,2,687,CASH,2024-12-21,2353
ST004,Station Store,2024-12-19,23:20:09,T000688,1,37.64,10.0,136.53,6,3,688,CASH,2024-12-21,3073
ST001,Downtown Store,2024-11-26,18:20:09,T000689,5,17.24,8.9,892.11,1,2,689,CASH,2024-12-21,8129
ST002,Mall Store,2024-12-16,09:20:09,T000690,4,4.68,5.17,874.8,2,3,690,MOBILE,2024-12-21,5987
ST002,Mall Store,2024-12-02,12:20:09,T000691,2,8.13,14.6,853.07,9,3,691,CARD,2024-12-21,7862
ST004,Station Store,2024-12-05,04:20:09,T000692,3,0.43,5.2,590.74,3,2,692,CASH,2024-12-21,8867
ST001,Downtown Store,2024-12-01,01:20:09,T000693,3,13.46,14.82,389.07,8,1,693,CARD,2024-12-21,8856
ST002,Mall Store,2024-11-27,01:20:09,T000694,5,1.46,10.41,62.38,2,2,694,CASH,2024-12-21,4215
ST001,Downtown Store,2024-12-14,11:20:09,T000695,1,24.01,9.86,570.19,1,2,695,MOBILE,2024-12-21,1677
ST002,Mall Store,2024-11-30,12:20:09,T000696,2,29.31,9.92,200.39,7,2,696,CASH,2024-12-21,7213
ST002,Mall Store,2024-11-27,18:20:09,T000697,2,26.65,11.32,547.51,7,3,697,CASH,2024-12-21,1600
ST001,Downtown Store,2024-12-01,05:20:09,T000698,2,38.9,7.2,172.92,2,1,698,NULL,2024-12-21,2209
ST002,Mall Store,2024-11-26,23:20:09,T000699,2,49.23,11.66,292.55,1,3,699,CASH,2024-12-21,5710
ST001,Downtown Store,2024-12-07,00:20:09,T000700,4,32.4,7.45,720.39,5,1,700,CARD,2024-12-21,6694
ST001,Downtown Store,2024-12-13,08:20:09,T000701,5,25.46,5.25,412.83,8,3,701,CARD,2024-12-21,1028
ST003,Airport Store,2024-12-12,04:20:09,T000702,4,10.34,14.25,372.45,1,3,702,CARD,2024-12-21,2238
ST002,Mall Store,2024-11-28,10:20:09,T000703,3,20.4,14.8,653.61,9,1,703,CASH,2024-12-21,8669
ST002,Mall Store,2024-12-07,21:20:09,T000704,5,40.55,9.0,947.68,6,3,704,MOBILE,2024-12-21,9547
ST004,Station Store,2024-12-09,09:20:09,T000705,1,45.39,5.87,937.13,7,2,705,CASH,2024-12-21,3773
ST003,Airport Store,2024-11-28,02:20:09,T000706,5,14.46,14.52,59.36,1,2,706,CARD,2024-12-21,9864
ST003,Airport Store,2024-12-16,18:20:09,T000707,5,49.14,10.36,507.6,9,2,707,MOBILE,2024-12-21,3786
ST002,Mall Store,2024-11-25,17:20:09,T000708,5,17.08,14.53,904.16,4,3,708,MOBILE,2024-12-21,1659
ST002,Mall Store,2024-12-13,21:20:09,T000709,2,38.28,7.1,330.21,3,1,709,CARD,2024-12-21,5868
ST001,Downtown Store,2024-12-14,20:20:09,T000710,1,4.19,11.43,764.91,2,2,710,CASH,2024-12-21,5792
ST003,Airport Store,2024-12-07,15:20:09,T000711,4,48.95,10.02,460.41,6,1,711,CASH,2024-12-21,1211
ST004,Station Store,2024-11-22,04:20:09,T000712,2,13.03,7.97,10.62,9,2,712,NULL,2024-12-21,1727
ST004,Station Store,2024-11-28,16:20:09,T000713,1,5.09,5.16,620.02,2,3,713,CASH,2024-12-21,8492
ST002,Mall Store,2024-11-30,04:20:09,T000714,1,38.16,13.02,391.26,4,2,714,CASH,2024-12-21,8478
ST004,Station Store,2024-11-30,23:20:09,T000715,2,35.02,12.59,114.74,1,1,715,MOBILE,2024-12-21,9592
ST003,Airport Store,2024-11-23,21:20:09,T000716,3,47.51,10.36,400.25,3,1,716,CARD,2024-12-21,7732
ST002,Mall Store,2024-12-19,03:20:09,T000717,1,41.6,9.04,339.97,6,1,717,NULL,2024-12-21,8799
ST001,Downtown Store,2024-12-14,06:20:09,T000718,4,27.87,14.78,775.44,1,3,718,CARD,2024-12-21,2447
ST002,Mall Store,2024-12-13,08:20:09,T000719,3,22.37,14.66,383.57,1,1,719,CARD,2024-12-21,6402
ST004,Station Store,2024-12-19,05:20:09,T000720,2,3.83,11.64,245.18,4,2,720,CASH,2024-12-21,8734
ST001,Downtown Store,2024-11-25,17:20:09,T000721,5,37.1,5.52,854.02,6,3,721,CARD,2024-12-21,3681
ST003,Airport Store,2024-12-04,15:20:09,T000722,5,6.33,6.79,498.1,8,1,722,CARD,2024-12-21,3072
ST003,Airport Store,2024-12-03,12:20:09,T000723,4,27.24,7.7,705.37,3,2,723,CARD,2024-12-21,6021
ST001,Downtown Store,2024-12-01,07:20:09,T000724,3,40.11,12.87,514.63,7,3,724,CASH,2024-12-21,1938
ST001,Downtown Store,2024-12-19,17:20:09,T000725,5,26.98,5.77,27.85,4,2,725,NULL,2024-12-21,4862
ST003,Airport Store,2024-12-16,14:20:09,T000726,3,23.32,8.62,117.32,5,2,726,CASH,2024-12-21,1561
ST002,Mall Store,2024-11-26,10:20:09,T000727,2,31.25,14.46,583.97,3,1,727,MOBILE,2024-12-21,8095
ST004,Station Store,2024-11-24,15:20:09,T000728,1,37.17,12.23,144.7,6,1,728,CASH,2024-12-21,7123
ST004,Station Store,2024-11-27,19:20:09,T000729,5,44.44,5.62,455.56,9,3,729,CARD,2024-12-21,8111
ST003,Airport Store,2024-12-12,20:20:09,T000730,1,41.82,10.12,531.74,3,1,730,CARD,2024-12-21,2422
ST003,Airport Store,2024-12-11,12:20:09,T000731,4,19.48,7.41,25.54,6,3,731,CASH,2024-12-21,8450
ST002,Mall Store,2024-12-01,01:20:09,T000732,2,49.99,5.02,642.29,8,1,732,NULL,2024-12-21,5939
ST001,Downtown Store,2024-12-06,15:20:09,T000733,4,30.55,5.01,895.07,6,2,733,CASH,2024-12-21,4867
ST003,Airport Store,2024-11-30,02:20:09,T000734,2,39.45,11.82,889.86,5,3,734,NULL,2024-12-21,1992
ST001,Downtown Store,2024-12-06,06:20:09,T000735,2,7.57,12.98,710.16,7,2,735,CARD,2024-12-21,5581
ST004,Station Store,2024-12-11,22:20:09,T000736,2,17.75,10.03,498.35,5,3,736,CARD,2024-12-21,7035
ST003,Airport Store,2024-12-01,12:20:09,T000737,4,32.54,13.67,895.03,7,2,737,CASH,2024-12-21,5498
ST002,Mall Store,2024-12-13,05:20:09,T000738,3,30.34,6.67,799.45,4,2,738,CASH,2024-12-21,4110
ST003,Airport Store,2024-12-05,11:20:09,T000739,3,0.9,9.0,554.38,5,3,739,MOBILE,2024-12-21,6024
ST004,Station Store,2024-12-07,22:20:09,T000740,3,42.58,6.57,975.01,2,2,740,MOBILE,2024-12-21,7906
ST004,Station Store,2024-11-30,17:20:09,T000741,3,17.5,14.28,74.97,1,2,741,CARD,2024-12-21,1711
ST001,Downtown Store,2024-12-10,00:20:09,T000742,1,42.18,6.95,828.6,3,3,742,CASH,2024-12-21,7643
ST001,Downtown Store,2024-12-12,18:20:09,T000743,5,5.12,10.35,94.29,9,3,743,CARD,2024-12-21,2222
ST003,Airport Store,2024-12-09,17:20:09,T000744,4,34.92,7.94,675.33,8,2,744,CARD,2024-12-21,6127
ST003,Airport Store,2024-12-01,07:20:09,T000745,3,38.9,8.82,448.7,8,2,745,CARD,2024-12-21,2918
ST001,Downtown Store,2024-11-28,05:20:09,T000746,4,36.42,8.16,348.76,1,1,746,CARD,2024-12-21,2721
ST001,Downtown Store,2024-11-29,17:20:09,T000747,2,34.25,12.08,366.39,4,1,747,CARD,2024-12-21,1968
ST001,Downtown Store,2024-12-01,05:20:09,T000748,3,34.13,13.71,245.11,9,3,748,CARD,2024-12-21,5259
ST003,Airport Store,2024-11-23,17:20:09,T000749,2,4.72,6.26,420.29,6,1,749,CASH,2024-12-21,3892
ST004,Station Store,2024-12-08,19:20:09,T000750,3,40.29,13.25,869.52,8,1,750,CASH,2024-12-21,1191
ST003,Airport Store,2024-11-25,19:20:09,T000751,4,0.51,6.49,778.11,8,1,751,CARD,2024-12-21,6494
ST004,Station Store,2024-12-05,21:20:09,T000752,4,12.01,9.7,460.91,8,3,752,CASH,2024-12-21,2736
ST003,Airport Store,2024-12-02,18:20:09,T000753,3,26.29,12.18,585.64,5,2,753,MOBILE,2024-12-21,1667
ST003,Airport Store,2024-12-06,23:20:09,T000754,3,44.6,12.33,513.27,7,1,754,MOBILE,2024-12-21,9789
ST002,Mall Store,2024-12-07,20:20:09,T000755,1,36.36,11.34,149.1,8,3,755,NULL,2024-12-21,8548
ST001,Downtown Store,2024-12-15,12:20:09,T000756,3,39.81,10.83,960.62,3,2,756,CARD,2024-12-21,3908
ST001,Downtown Store,2024-12-17,00:20:09,T000757,2,10.41,7.05,197.62,9,3,757,CARD,2024-12-21,5491
ST004,Station Store,2024-11-25,19:20:09,T000758,2,39.87,7.69,888.57,4,3,758,CARD,2024-12-21,9183
ST002,Mall Store,2024-12-01,21:20:09,T000759,5,47.38,12.67,275.6,4,2,759,MOBILE,2024-12-21,1393
ST004,Station Store,2024-12-17,21:20:09,T000760,4,3.78,11.18,669.2,7,1,760,NULL,2024-12-21,3268
ST004,Station Store,2024-12-09,18:20:09,T000761,3,32.84,6.98,152.56,2,3,761,CARD,2024-12-21,2963
ST002,Mall Store,2024-12-01,14:20:09,T000762,2,21.52,8.2,907.59,7,2,762,CARD,2024-12-21,9101
ST004,Station Store,2024-12-08,22:20:09,T000763,1,13.26,11.86,949.3,3,2,763,MOBILE,2024-12-21,5538
ST002,Mall Store,2024-12-04,15:20:09,T000764,1,38.32,11.58,825.66,6,2,764,NULL,2024-12-21,1686
ST002,Mall Store,2024-12-06,09:20:09,T000765,1,5.85,10.28,135.6,3,3,765,CARD,2024-12-21,7642
ST004,Station Store,2024-11-24,23:20:09,T000766,2,24.62,13.37,172.04,1,1,766,CASH,2024-12-21,1877
ST003,Airport Store,2024-11-26,21:20:09,T000767,1,48.3,6.31,378.12,9,3,767,CASH,2024-12-21,3374
ST001,Downtown Store,2024-11-21,23:20:09,T000768,1,4.24,13.08,773.76,9,1,768,MOBILE,2024-12-21,7121
ST001,Downtown Store,2024-12-05,20:20:09,T000769,1,42.28,12.99,513.39,2,3,769,NULL,2024-12-21,1028
ST002,Mall Store,2024-11-22,04:20:09,T000770,5,45.39,12.3,738.11,7,2,770,CARD,2024-12-21,7372
ST002,Mall Store,2024-12-03,21:20:09,T000771,3,46.31,5.09,84.66,7,3,771,CARD,2024-12-21,4740
ST003,Airport Store,2024-12-06,11:20:09,T000772,2,30.35,6.88,806.92,5,1,772,CASH,2024-12-21,4808
ST003,Airport Store,2024-11-29,13:20:09,T000773,3,12.03,12.44,752.77,1,1,773,CARD,2024-12-21,9128
ST004,Station Store,2024-12-20,23:20:09,T000774,2,1.29,7.85,558.43,4,1,774,MOBILE,2024-12-21,7800
ST002,Mall Store,2024-12-12,17:20:09,T000775,1,20.17,11.76,198.03,6,1,775,CARD,2024-12-21,5086
ST001,Downtown Store,2024-12-19,06:20:09,T000776,4,22.62,6.69,640.45,8,1,776,CARD,2024-12-21,6463
ST003,Airport Store,2024-12-11,05:20:09,T000777,3,47.1,12.4,95.75,2,2,777,CARD,2024-12-21,8258
ST001,Downtown Store,2024-12-03,13:20:09,T000778,5,9.55,12.91,459.42,8,3,778,CARD,2024-12-21,5798
ST002,Mall Store,2024-11-22,00:20:09,T000779,4,38.46,14.02,451.89,5,1,779,NULL,2024-12-21,5543
ST003,Airport Store,2024-12-20,13:20:09,T000780,1,23.74,7.58,820.41,4,3,780,CASH,2024-12-21,2209
ST001,Downtown Store,2024-11-27,02:20:09,T000781,1,5.09,12.28,207.67,8,3,781,CARD,2024-12-21,9444
ST002,Mall Store,2024-12-01,18:20:09,T000782,3,27.04,13.18,179.96,6,3,782,CARD,2024-12-21,4057
ST003,Airport Store,2024-12-10,11:20:09,T000783,3,40.89,10.49,930.49,9,2,783,CASH,2024-12-21,1712
ST004,Station Store,2024-12-03,11:20:09,T000784,5,4.27,9.5,758.79,3,3,784,CARD,2024-12-21,2079
ST003,Airport Store,2024-11-29,23:20:09,T000785,5,44.93,13.96,688.86,2,2,785,CASH,2024-12-21,4985
ST002,Mall Store,2024-12-07,00:20:09,T000786,1,8.92,7.39,423.79,7,2,786,CASH,2024-12-21,5864
ST003,Airport Store,2024-11-30,09:20:09,T000787,4,39.8,8.06,82.12,6,2,787,MOBILE,2024-12-21,1864
ST004,Station Store,2024-12-02,18:20:09,T000788,4,12.32,5.63,140.39,8,1,788,CASH,2024-12-21,8705
ST002,Mall Store,2024-12-05,12:20:09,T000789,1,11.66,13.64,316.27,5,1,789,CASH,2024-12-21,2308
ST003,Airport Store,2024-12-07,15:20:09,T000790,4,39.95,13.03,421.11,3,1,790,CARD,2024-12-21,7777
ST002,Mall Store,2024-11-26,22:20:09,T000791,1,28.56,12.45,385.17,9,2,791,CARD,2024-12-21,4632
ST001,Downtown Store,2024-12-15,21:20:09,T000792,4,27.25,11.61,904.24,4,1,792,CASH,2024-12-21,1145
ST004,Station Store,2024-12-03,23:20:09,T000793,1,7.7,12.05,251.2,5,1,793,MOBILE,2024-12-21,1486
ST003,Airport Store,2024-11-28,09:20:09,T000794,5,29.8,5.9,343.99,1,2,794,MOBILE,2024-12-21,7843
ST002,Mall Store,2024-12-06,15:20:09,T000795,1,20.83,6.55,667.81,9,1,795,CASH,2024-12-21,9023
ST002,Mall Store,2024-11-28,20:20:09,T000796,1,38.21,12.9,642.9,7,1,796,MOBILE,2024-12-21,3440
ST004,Station Store,2024-12-17,11:20:09,T000797,3,20.39,7.87,562.3,9,3,797,CASH,2024-12-21,8062
ST004,Station Store,2024-12-03,05:20:09,T000798,3,41.84,10.72,999.22,1,1,798,CASH,2024-12-21,5677
ST001,Downtown Store,2024-12-03,11:20:09,T000799,2,39.64,14.06,975.34,4,1,799,MOBILE,2024-12-21,2689
ST004,Station Store,2024-12-14,20:20:09,T000800,5,43.5,11.36,173.08,3,2,800,MOBILE,2024-12-21,6660
ST003,Airport Store,2024-12-13,06:20:09,T000801,2,6.91,9.26,556.8,4,1,801,CARD,2024-12-21,7523
ST002,Mall Store,2024-12-14,05:20:09,T000802,2,20.51,8.33,133.71,1,1,802,CARD,2024-12-21,1539
ST003,Airport Store,2024-12-13,19:20:09,T000803,5,4.9,10.27,66.53,3,1,803,CARD,2024-12-21,7942
ST001,Downtown Store,2024-12-12,03:20:09,T000804,1,21.32,8.34,323.3,5,2,804,CASH,2024-12-21,2936
ST003,Airport Store,2024-11-22,08:20:09,T000805,1,25.43,5.55,540.12,9,3,805,MOBILE,2024-12-21,8382
ST004,Station Store,2024-12-10,14:20:09,T000806,2,48.76,14.66,223.12,2,2,806,CASH,2024-12-21,1583
ST004,Station Store,2024-12-04,06:20:09,T000807,5,19.38,8.23,935.81,5,2,807,CARD,2024-12-21,6285
ST003,Airport Store,2024-11-27,07:20:09,T000808,5,14.44,10.86,595.44,2,2,808,MOBILE,2024-12-21,4272
ST002,Mall Store,2024-11-26,07:20:09,T000809,2,15.49,10.08,407.24,4,2,809,CARD,2024-12-21,5240
ST003,Airport Store,2024-12-12,17:20:09,T000810,3,0.97,8.27,631.68,9,3,810,CARD,2024-12-21,5663
ST002,Mall Store,2024-12-05,21:20:09,T000811,3,40.73,7.34,208.63,9,2,811,CARD,2024-12-21,9859
ST001,Downtown Store,2024-12-08,23:20:09,T000812,1,4.15,11.2,346.82,8,3,812,CARD,2024-12-21,4167
ST002,Mall Store,2024-12-19,20:20:09,T000813,2,13.28,12.67,213.83,7,3,813,MOBILE,2024-12-21,8086
ST003,Airport Store,2024-12-02,18:20:09,T000814,4,17.91,6.49,514.89,9,3,814,CARD,2024-12-21,2293
ST002,Mall Store,2024-12-04,10:20:09,T000815,2,5.77,13.02,534.1,9,3,815,CARD,2024-12-21,3759
ST004,Station Store,2024-11-27,04:20:09,T000816,3,13.13,5.52,238.67,1,2,816,MOBILE,2024-12-21,2885
ST001,Downtown Store,2024-12-19,17:20:09,T000817,3,46.35,11.48,385.8,4,3,817,CARD,2024-12-21,1869
ST003,Airport Store,2024-11-25,10:20:09,T000818,4,43.3,6.72,852.01,4,3,818,CASH,2024-12-21,4144
ST004,Station Store,2024-11-24,16:20:09,T000819,1,34.9,11.38,327.36,7,2,819,CASH,2024-12-21,8024
ST001,Downtown Store,2024-11-24,17:20:09,T000820,2,28.47,8.83,759.62,9,1,820,CARD,2024-12-21,6487
ST004,Station Store,2024-11-27,11:20:09,T000821,1,38.16,6.37,236.38,2,1,821,CARD,2024-12-21,8923
ST003,Airport Store,2024-12-18,01:20:09,T000822,4,44.38,11.41,419.51,1,3,822,CARD,2024-12-21,1560
ST003,Airport Store,2024-12-01,18:20:09,T000823,1,48.45,14.33,871.96,7,2,823,NULL,2024-12-21,3877
ST003,Airport Store,2024-11-29,19:20:09,T000824,4,3.78,10.77,646.2,9,2,824,CASH,2024-12-21,7300
ST003,Airport Store,2024-12-20,18:20:09,T000825,1,17.68,6.32,675.56,6,1,825,NULL,2024-12-21,6985
ST001,Downtown Store,2024-12-05,19:20:09,T000826,5,21.47,9.71,165.8,4,1,826,CASH,2024-12-21,3709
ST003,Airport Store,2024-11-25,18:20:09,T000827,4,28.99,11.67,912.46,1,3,827,CARD,2024-12-21,1730
ST001,Downtown Store,2024-12-17,13:20:09,T000828,5,38.34,8.51,383.04,3,3,828,CASH,2024-12-21,4229
ST004,Station Store,2024-12-18,07:20:09,T000829,1,40.3,7.8,199.61,7,3,829,MOBILE,2024-12-21,7152
ST001,Downtown Store,2024-11-23,16:20:09,T000830,1,27.53,13.17,960.0,9,1,830,CARD,2024-12-21,9812
ST003,Airport Store,2024-12-04,00:20:09,T000831,4,19.17,6.52,670.04,4,2,831,CARD,2024-12-21,7507
ST003,Airport Store,2024-12-18,16:20:09,T000832,2,49.84,6.54,864.33,9,1,832,CARD,2024-12-21,6439
ST001,Downtown Store,2024-11-26,18:20:09,T000833,2,46.63,8.83,732.23,1,2,833,CASH,2024-12-21,9808
ST003,Airport Store,2024-11-27,15:20:09,T000834,1,24.52,6.2,804.63,1,2,834,NULL,2024-12-21,2423
ST003,Airport Store,2024-11-28,16:20:09,T000835,5,6.55,11.01,43.95,2,2,835,CASH,2024-12-21,3402
ST003,Airport Store,2024-12-12,05:20:09,T000836,4,0.97,14.73,229.24,1,3,836,CARD,2024-12-21,2695
ST004,Station Store,2024-12-21,11:20:09,T000837,5,24.21,11.48,28.17,8,3,837,CARD,2024-12-21,3825
ST001,Downtown Store,2024-12-08,15:20:09,T000838,4,24.1,12.56,457.79,5,2,838,MOBILE,2024-12-21,8598
ST002,Mall Store,2024-12-15,18:20:09,T000839,4,10.07,14.59,617.27,4,3,839,CASH,2024-12-21,4129
ST001,Downtown Store,2024-12-02,14:20:09,T000840,2,44.07,9.16,723.13,7,3,840,CARD,2024-12-21,4534
ST001,Downtown Store,2024-11-25,17:20:09,T000841,4,40.22,5.66,695.65,7,3,841,MOBILE,2024-12-21,4239
ST004,Station Store,2024-12-09,15:20:09,T000842,2,4.12,12.66,79.1,9,2,842,CASH,2024-12-21,3513
ST003,Airport Store,2024-12-16,14:20:09,T000843,2,45.89,6.97,984.28,9,1,843,MOBILE,2024-12-21,9160
ST001,Downtown Store,2024-12-06,03:20:09,T000844,4,2.32,11.24,629.84,6,2,844,CARD,2024-12-21,1352
ST004,Station Store,2024-12-09,16:20:09,T000845,3,5.2,14.62,891.32,3,3,845,CARD,2024-12-21,7533
ST004,Station Store,2024-12-15,21:20:09,T000846,5,36.85,5.7,865.9,7,3,846,MOBILE,2024-12-21,4380
ST004,Station Store,2024-12-20,15:20:09,T000847,4,13.8,14.05,819.67,3,3,847,MOBILE,2024-12-21,8378
ST004,Station Store,2024-12-13,22:20:09,T000848,5,49.58,12.7,218.42,1,1,848,MOBILE,2024-12-21,5803
ST002,Mall Store,2024-12-08,13:20:09,T000849,3,29.63,8.8,506.92,8,3,849,CASH,2024-12-21,8313
ST002,Mall Store,2024-12-02,05:20:09,T000850,5,40.49,13.87,270.41,5,3,850,CARD,2024-12-21,9741
ST002,Mall Store,2024-12-05,15:20:09,T000851,2,43.75,5.83,915.93,3,2,851,CARD,2024-12-21,6854
ST003,Airport Store,2024-11-30,07:20:09,T000852,4,39.73,9.56,179.06,8,2,852,CASH,2024-12-21,5890
ST003,Airport Store,2024-12-05,01:20:09,T000853,1,5.06,5.11,553.15,6,1,853,MOBILE,2024-12-21,8939
ST001,Downtown Store,2024-11-23,10:20:09,T000854,2,28.08,5.73,767.0,9,3,854,CARD,2024-12-21,3107
ST001,Downtown Store,2024-12-09,22:20:09,T000855,1,21.7,13.19,906.53,7,2,855,CARD,2024-12-21,9282
ST003,Airport Store,2024-11-30,03:20:09,T000856,2,8.46,8.22,445.82,2,2,856,NULL,2024-12-21,9378
ST002,Mall Store,2024-12-05,13:20:09,T000857,4,49.11,14.83,925.73,9,3,857,CARD,2024-12-21,5725
ST002,Mall Store,2024-11-30,01:20:09,T000858,5,9.57,8.86,490.01,5,2,858,NULL,2024-12-21,5321
ST004,Station Store,2024-12-14,20:20:09,T000859,2,43.75,8.01,103.61,1,1,859,CARD,2024-12-21,1037
ST001,Downtown Store,2024-12-08,14:20:09,T000860,5,7.02,11.23,215.75,9,1,860,NULL,2024-12-21,1432
ST003,Airport Store,2024-11-23,20:20:09,T000861,1,17.05,14.62,551.93,1,1,861,CARD,2024-12-21,1489
ST002,Mall Store,2024-12-18,07:20:09,T000862,1,32.66,8.49,966.56,9,1,862,CARD,2024-12-21,5515
ST001,Downtown Store,2024-12-14,21:20:09,T000863,4,3.6,7.57,716.76,2,1,863,CASH,2024-12-21,1045
ST002,Mall Store,2024-12-02,19:20:09,T000864,1,15.16,8.63,75.74,6,2,864,CASH,2024-12-21,5183
ST004,Station Store,2024-12-21,05:20:09,T000865,4,26.6,9.82,705.84,3,3,865,MOBILE,2024-12-21,3108
ST002,Mall Store,2024-12-14,03:20:09,T000866,3,4.89,10.76,558.14,3,1,866,CASH,2024-12-21,8939
ST003,Airport Store,2024-12-11,05:20:09,T000867,3,47.2,8.96,696.92,1,1,867,CASH,2024-12-21,4810
ST001,Downtown Store,2024-12-11,18:20:09,T000868,5,35.33,14.41,336.03,1,3,868,CARD,2024-12-21,5431
ST001,Downtown Store,2024-11-27,15:20:09,T000869,2,8.8,12.17,708.93,8,1,869,CARD,2024-12-21,9080
ST004,Station Store,2024-11-28,10:20:09,T000870,5,24.66,10.79,197.19,2,2,870,CARD,2024-12-21,6546
ST002,Mall Store,2024-11-28,14:20:09,T000871,5,6.05,5.79,532.04,4,1,871,CARD,2024-12-21,1904
ST003,Airport Store,2024-12-15,02:20:09,T000872,2,42.07,10.8,622.75,1,2,872,NULL,2024-12-21,2440
ST002,Mall Store,2024-12-07,12:20:09,T000873,5,9.16,10.89,564.39,5,3,873,MOBILE,2024-12-21,6968
ST003,Airport Store,2024-12-11,06:20:09,T000874,3,12.5,5.66,693.71,7,2,874,CARD,2024-12-21,8226
ST004,Station Store,2024-11-30,12:20:09,T000875,1,29.86,9.24,452.22,1,1,875,CARD,2024-12-21,9243
ST002,Mall Store,2024-11-28,15:20:09,T000876,4,14.94,6.93,125.02,8,3,876,CARD,2024-12-21,2074
ST001,Downtown Store,2024-12-02,08:20:09,T000877,1,36.71,5.55,888.99,7,2,877,CASH,2024-12-21,1500
ST002,Mall Store,2024-12-11,11:20:09,T000878,3,1.15,13.97,218.6,9,1,878,CASH,2024-12-21,5483
ST001,Downtown Store,2024-12-08,21:20:09,T000879,3,42.12,12.61,176.53,5,3,879,CASH,2024-12-21,6241
ST003,Airport Store,2024-12-03,18:20:09,T000880,3,43.57,14.99,611.69,1,1,880,CARD,2024-12-21,4757
ST001,Downtown Store,2024-12-05,10:20:09,T000881,1,45.69,8.68,379.71,6,1,881,MOBILE,2024-12-21,2446
ST001,Downtown Store,2024-12-19,13:20:09,T000882,5,16.81,8.08,29.85,1,1,882,MOBILE,2024-12-21,9663
ST002,Mall Store,2024-12-14,13:20:09,T000883,5,22.34,8.43,146.86,3,3,883,MOBILE,2024-12-21,4041
ST001,Downtown Store,2024-12-01,20:20:09,T000884,5,47.89,13.84,934.0,6,1,884,CARD,2024-12-21,7429
ST004,Station Store,2024-12-16,20:20:09,T000885,5,3.63,13.5,220.72,8,3,885,CARD,2024-12-21,1929
ST001,Downtown Store,2024-11-26,13:20:09,T000886,5,39.62,7.25,684.65,7,2,886,MOBILE,2024-12-21,2184
ST001,Downtown Store,2024-11-29,20:20:09,T000887,4,11.22,9.94,961.99,7,2,887,MOBILE,2024-12-21,2523
ST002,Mall Store,2024-11-22,00:20:09,T000888,1,39.35,5.56,375.69,9,2,888,CARD,2024-12-21,2495
ST002,Mall Store,2024-12-07,15:20:09,T000889,2,29.27,10.48,644.08,7,3,889,CARD,2024-12-21,8768
ST003,Airport Store,2024-11-29,23:20:09,T000890,1,42.02,12.01,791.15,4,2,890,MOBILE,2024-12-21,7616
ST001,Downtown Store,2024-12-02,06:20:09,T000891,3,29.55,14.89,175.16,6,1,891,MOBILE,2024-12-21,9899
ST002,Mall Store,2024-11-25,00:20:09,T000892,3,5.26,10.73,505.58,8,1,892,CARD,2024-12-21,1632
ST001,Downtown Store,2024-12-08,15:20:09,T000893,5,11.65,10.74,823.32,3,1,893,CASH,2024-12-21,4872
ST003,Airport Store,2024-12-07,09:20:09,T000894,4,17.1,13.32,282.05,6,2,894,CARD,2024-12-21,1544
ST002,Mall Store,2024-12-16,04:20:09,T000895,4,29.04,12.14,917.48,4,1,895,CARD,2024-12-21,3708
ST002,Mall Store,2024-12-02,13:20:09,T000896,1,6.01,10.35,678.38,8,2,896,MOBILE,2024-12-21,6152
ST001,Downtown Store,2024-11-30,00:20:09,T000897,1,42.0,12.25,895.81,2,1,897,NULL,2024-12-21,2159
ST003,Airport Store,2024-11-22,13:20:09,T000898,2,14.05,11.68,184.92,5,3,898,NULL,2024-12-21,1952
ST003,Airport Store,2024-12-12,03:20:09,T000899,1,10.56,8.13,187.05,9,2,899,CARD,2024-12-21,4983
ST004,Station Store,2024-12-14,01:20:09,T000900,4,37.22,14.71,443.65,8,1,900,CASH,2024-12-21,8938
ST003,Airport Store,2024-11-22,21:20:09,T000901,1,34.05,8.73,154.11,2,2,901,CASH,2024-12-21,9026
ST004,Station Store,2024-11-28,17:20:09,T000902,1,26.37,13.86,839.49,3,3,902,NULL,2024-12-21,6873
ST001,Downtown Store,2024-12-15,02:20:09,T000903,2,22.5,8.33,443.92,5,1,903,MOBILE,2024-12-21,4683
ST001,Downtown Store,2024-11-29,21:20:09,T000904,4,29.59,5.72,155.98,6,3,904,MOBILE,2024-12-21,2728
ST001,Downtown Store,2024-12-02,08:20:09,T000905,5,33.47,9.77,645.86,7,3,905,CARD,2024-12-21,7212
ST001,Downtown Store,2024-12-14,02:20:09,T000906,1,33.56,5.31,729.23,5,3,906,MOBILE,2024-12-21,4359
ST001,Downtown Store,2024-11-23,11:20:09,T000907,3,49.32,10.13,934.93,1,1,907,CASH,2024-12-21,1768
ST003,Airport Store,2024-12-11,20:20:09,T000908,3,8.62,10.8,559.97,3,1,908,CARD,2024-12-21,1849
ST003,Airport Store,2024-12-09,07:20:09,T000909,1,31.04,12.19,573.83,9,3,909,CASH,2024-12-21,7435
ST003,Airport Store,2024-11-27,11:20:09,T000910,1,33.91,9.14,692.64,4,1,910,CASH,2024-12-21,9864
ST001,Downtown Store,2024-12-11,17:20:09,T000911,3,28.02,11.95,797.83,3,3,911,CASH,2024-12-21,2501
ST003,Airport Store,2024-12-16,19:20:09,T000912,1,1.67,8.67,244.7,6,2,912,CASH,2024-12-21,2050
ST002,Mall Store,2024-11-30,14:20:09,T000913,2,21.29,14.86,558.52,3,1,913,CASH,2024-12-21,6141
ST004,Station Store,2024-12-10,06:20:09,T000914,3,35.38,9.63,808.43,6,3,914,CASH,2024-12-21,6977
ST002,Mall Store,2024-12-05,12:20:09,T000915,5,45.73,7.09,668.62,8,1,915,CASH,2024-12-21,9370
ST004,Station Store,2024-12-09,14:20:09,T000916,1,22.24,5.46,23.6,1,1,916,CARD,2024-12-21,6283
ST001,Downtown Store,2024-12-02,03:20:09,T000917,4,25.97,10.65,672.99,9,1,917,CARD,2024-12-21,2361
ST004,Station Store,2024-12-16,04:20:09,T000918,5,19.58,12.13,662.83,1,2,918,CASH,2024-12-21,9494
ST003,Airport Store,2024-12-09,18:20:09,T000919,5,42.9,7.99,924.51,3,3,919,MOBILE,2024-12-21,6220
ST003,Airport Store,2024-12-19,15:20:09,T000920,5,25.91,9.56,40.52,9,3,920,NULL,2024-12-21,2709
ST003,Airport Store,2024-11-30,07:20:09,T000921,5,1.22,10.81,553.44,1,2,921,CARD,2024-12-21,2331
ST001,Downtown Store,2024-11-24,10:20:09,T000922,1,11.68,7.63,47.44,8,1,922,NULL,2024-12-21,3892
ST003,Airport Store,2024-12-05,01:20:09,T000923,5,49.54,7.48,511.39,3,2,923,CASH,2024-12-21,5080
ST003,Airport Store,2024-12-08,06:20:09,T000924,1,22.98,8.63,590.78,2,1,924,CARD,2024-12-21,3015
ST002,Mall Store,2024-12-19,19:20:09,T000925,2,27.84,13.55,930.29,9,1,925,CARD,2024-12-21,7739
ST002,Mall Store,2024-12-12,10:20:09,T000926,5,7.91,9.56,609.64,1,2,926,MOBILE,2024-12-21,8485
ST003,Airport Store,2024-12-01,22:20:09,T000927,5,3.36,9.65,822.53,3,2,927,CARD,2024-12-21,1390
ST001,Downtown Store,2024-12-19,16:20:09,T000928,1,15.16,11.98,792.36,8,3,928,CARD,2024-12-21,1233
ST004,Station Store,2024-12-20,11:20:09,T000929,5,33.07,13.82,415.3,8,1,929,CARD,2024-12-21,1799
ST004,Station Store,2024-11-29,22:20:09,T000930,2,17.29,8.58,18.37,8,3,930,MOBILE,2024-12-21,4367
ST003,Airport Store,2024-12-20,22:20:09,T000931,5,32.69,8.87,650.75,4,2,931,CASH,2024-12-21,4466
ST002,Mall Store,2024-11-22,05:20:09,T000932,4,28.21,9.94,734.55,2,3,932,CARD,2024-12-21,5925
ST004,Station Store,2024-12-01,13:20:09,T000933,1,13.76,5.75,710.71,3,3,933,MOBILE,2024-12-21,2995
ST003,Airport Store,2024-12-13,17:20:09,T000934,4,20.4,8.25,783.87,7,1,934,CARD,2024-12-21,1242
ST001,Downtown Store,2024-12-16,12:20:09,T000935,1,40.55,5.88,807.62,8,2,935,MOBILE,2024-12-21,2550
ST001,Downtown Store,2024-12-18,11:20:09,T000936,1,30.45,12.69,452.3,4,2,936,CARD,2024-12-21,7539
ST003,Airport Store,2024-12-08,20:20:09,T000937,4,15.8,8.14,637.13,2,3,937,CARD,2024-12-21,4751
ST001,Downtown Store,2024-12-11,00:20:09,T000938,4,38.46,10.97,343.83,6,1,938,CASH,2024-12-21,1444
ST002,Mall Store,2024-12-21,11:20:09,T000939,2,32.39,7.1,153.65,8,1,939,CARD,2024-12-21,1493
ST002,Mall Store,2024-12-04,11:20:09,T000940,3,13.94,14.5,72.63,8,2,940,MOBILE,2024-12-21,5350
ST004,Station Store,2024-12-10,06:20:09,T000941,4,49.99,7.44,765.67,4,1,941,CASH,2024-12-21,5931
ST004,Station Store,2024-12-16,17:20:09,T000942,4,1.55,7.75,42.47,3,2,942,CASH,2024-12-21,4186
ST001,Downtown Store,2024-12-19,10:20:09,T000943,3,45.29,10.16,162.21,9,1,943,MOBILE,2024-12-21,3409
ST001,Downtown Store,2024-12-10,19:20:09,T000944,5,10.55,11.88,227.53,4,2,944,CARD,2024-12-21,4932
ST003,Airport Store,2024-11-24,01:20:09,T000945,5,6.85,11.87,914.17,2,2,945,CASH,2024-12-21,3529
ST003,Airport Store,2024-12-05,12:20:09,T000946,3,22.77,14.08,113.44,2,2,946,CARD,2024-12-21,9464
ST002,Mall Store,2024-12-01,21:20:09,T000947,4,37.83,7.57,696.57,2,1,947,CARD,2024-12-21,2264
ST001,Downtown Store,2024-12-19,15:20:09,T000948,4,33.85,12.72,478.48,6,2,948,MOBILE,2024-12-21,6353
ST002,Mall Store,2024-12-18,07:20:09,T000949,4,29.46,9.54,747.69,2,1,949,CASH,2024-12-21,8238
ST002,Mall Store,2024-12-10,22:20:09,T000950,3,12.28,6.09,796.44,3,2,950,CASH,2024-12-21,3970
ST004,Station Store,2024-12-02,11:20:09,T000951,1,22.85,14.42,888.98,3,1,951,CASH,2024-12-21,6154
ST001,Downtown Store,2024-12-10,12:20:09,T000952,4,6.93,6.27,183.92,1,3,952,CARD,2024-12-21,5228
ST001,Downtown Store,2024-11-25,02:20:09,T000953,4,43.0,6.23,439.13,5,1,953,CASH,2024-12-21,5673
ST003,Airport Store,2024-11-23,13:20:09,T000954,1,10.47,7.41,138.6,1,2,954,CASH,2024-12-21,5414
ST003,Airport Store,2024-12-14,13:20:09,T000955,2,30.48,10.85,376.04,9,3,955,CARD,2024-12-21,5027
ST001,Downtown Store,2024-12-17,14:20:09,T000956,4,44.65,9.48,535.17,7,3,956,MOBILE,2024-12-21,2359
ST004,Station Store,2024-11-24,17:20:09,T000957,4,29.29,14.76,536.98,3,2,957,CASH,2024-12-21,5349
ST003,Airport Store,2024-12-05,08:20:09,T000958,1,2.37,13.01,608.34,3,1,958,CARD,2024-12-21,3881
ST002,Mall Store,2024-12-01,17:20:09,T000959,2,24.98,8.05,974.01,1,2,959,CARD,2024-12-21,1065
ST003,Airport Store,2024-12-15,21:20:09,T000960,4,41.34,10.95,795.95,7,1,960,CARD,2024-12-21,5419
ST001,Downtown Store,2024-12-08,18:20:09,T000961,5,13.12,13.39,42.0,2,1,961,CARD,2024-12-21,7629
ST001,Downtown Store,2024-12-10,02:20:09,T000962,5,39.53,6.34,317.47,9,1,962,CARD,2024-12-21,6327
ST002,Mall Store,2024-12-18,01:20:09,T000963,2,20.14,5.36,555.63,5,2,963,CASH,2024-12-21,7010
ST004,Station Store,2024-11-29,07:20:09,T000964,1,12.08,11.72,204.79,8,3,964,CASH,2024-12-21,5677
ST003,Airport Store,2024-12-06,18:20:09,T000965,3,48.14,6.27,426.42,9,1,965,CARD,2024-12-21,9245
ST003,Airport Store,2024-12-08,07:20:09,T000966,3,49.33,11.19,654.36,8,3,966,CASH,2024-12-21,3939
ST001,Downtown Store,2024-12-18,10:20:09,T000967,1,11.8,12.31,49.92,9,3,967,CASH,2024-12-21,3296
ST003,Airport Store,2024-11-24,23:20:09,T000968,5,49.79,7.89,157.78,7,1,968,NULL,2024-12-21,3939
ST002,Mall Store,2024-12-04,16:20:09,T000969,1,34.76,6.2,238.43,6,1,969,CASH,2024-12-21,8383
ST004,Station Store,2024-12-11,12:20:09,T000970,3,20.37,14.37,383.48,5,2,970,CASH,2024-12-21,2471
ST001,Downtown Store,2024-12-04,19:20:09,T000971,1,15.27,6.58,182.27,8,1,971,MOBILE,2024-12-21,9592
ST004,Station Store,2024-12-03,06:20:09,T000972,3,15.67,7.95,736.07,6,2,972,CASH,2024-12-21,1270
ST001,Downtown Store,2024-12-11,06:20:09,T000973,3,29.08,14.75,763.84,6,3,973,CARD,2024-12-21,1120
ST001,Downtown Store,2024-12-16,17:20:09,T000974,5,35.14,12.93,632.83,2,3,974,MOBILE,2024-12-21,2649
ST004,Station Store,2024-12-04,22:20:09,T000975,5,22.66,11.84,366.31,5,1,975,CASH,2024-12-21,9994
ST004,Station Store,2024-12-08,16:20:09,T000976,4,35.81,7.04,254.73,8,1,976,NULL,2024-12-21,2151
ST001,Downtown Store,2024-12-15,04:20:09,T000977,3,37.92,5.22,818.71,7,1,977,CARD,2024-12-21,8494
ST004,Station Store,2024-11-29,02:20:09,T000978,2,5.4,5.7,593.05,9,2,978,CARD,2024-12-21,1784
ST001,Downtown Store,2024-12-06,05:20:09,T000979,2,16.78,14.76,874.82,7,2,979,CARD,2024-12-21,4708
ST004,Station Store,2024-12-15,09:20:09,T000980,2,33.61,13.98,452.69,4,2,980,MOBILE,2024-12-21,8767
ST001,Downtown Store,2024-11-23,01:20:09,T000981,5,41.82,13.3,956.57,6,2,981,CASH,2024-12-21,6932
ST003,Airport Store,2024-12-17,06:20:09,T000982,1,25.69,7.4,133.45,1,2,982,CASH,2024-12-21,8887
ST003,Airport Store,2024-12-17,15:20:09,T000983,3,30.82,14.86,643.56,2,3,983,CARD,2024-12-21,2878
ST003,Airport Store,2024-12-04,11:20:09,T000984,1,37.34,13.58,500.03,7,1,984,CARD,2024-12-21,1071
ST001,Downtown Store,2024-12-06,18:20:09,T000985,5,3.25,13.25,134.68,5,3,985,CASH,2024-12-21,6373
ST002,Mall Store,2024-12-15,17:20:09,T000986,5,21.59,12.86,467.83,8,3,986,CARD,2024-12-21,1815
ST004,Station Store,2024-12-20,01:20:09,T000987,3,1.33,5.12,881.01,6,3,987,CASH,2024-12-21,2421
ST004,Station Store,2024-12-19,23:20:09,T000988,4,42.62,10.48,205.34,6,3,988,CASH,2024-12-21,9372
ST001,Downtown Store,2024-12-10,10:20:09,T000989,3,7.93,13.13,141.28,4,2,989,CARD,2024-12-21,1347
ST002,Mall Store,2024-12-06,00:20:09,T000990,1,30.92,6.13,164.77,4,3,990,CARD,2024-12-21,7609
ST003,Airport Store,2024-12-01,14:20:09,T000991,2,8.54,7.27,579.75,8,3,991,CARD,2024-12-21,2068
ST004,Station Store,2024-12-06,23:20:09,T000992,4,41.48,10.62,674.12,9,3,992,NULL,2024-12-21,3924
ST002,Mall Store,2024-12-03,04:20:09,T000993,3,37.31,6.76,73.89,4,2,993,CARD,2024-12-21,8063
ST004,Station Store,2024-12-20,19:20:09,T000994,5,24.95,14.32,587.5,7,1,994,CASH,2024-12-21,2414
ST001,Downtown Store,2024-12-15,01:20:09,T000995,2,25.49,8.8,454.0,3,3,995,MOBILE,2024-12-21,5923
ST002,Mall Store,2024-12-04,08:20:09,T000996,4,15.91,6.66,748.43,5,2,996,CARD,2024-12-21,7169
ST003,Airport Store,2024-12-10,10:20:09,T000997,3,39.17,7.68,700.99,1,1,997,CASH,2024-12-21,6044
ST004,Station Store,2024-12-08,13:20:09,T000998,4,12.34,9.5,31.91,4,3,998,CASH,2024-12-21,6914
ST001,Downtown Store,2024-12-14,17:20:09,T000999,1,27.15,7.6,591.81,1,2,999,NULL,2024-12-21,7319
ST002,Mall Store,2024-12-10,05:20:09,T001000,2,33.68,6.15,697.87,7,1,1000,NULL,2024-12-21,4598
